,2020-10-06 00:00:00,2020-10-07 00:00:00,2020-10-08 00:00:00,2020-10-09 00:00:00,2020-10-10 00:00:00,2020-10-11 00:00:00,2020-10-12 00:00:00,2020-10-13 00:00:00,2020-10-14 00:00:00,2020-10-15 00:00:00,2020-10-16 00:00:00,2020-10-17 00:00:00,2020-10-18 00:00:00,2020-10-19 00:00:00,2020-10-21 00:00:00,2020-10-23 00:00:00,2020-10-25 00:00:00,cqcode,group
3eeb4a6278652363d350b5391ebeb470,19.975,27.375,29.275,23.225,34.975,26.25,23.625,24.575,19.025,25.775,28.425,30.625,31.2,29.675,27.175,28.05,27.675,-1.0,Gammaproteobacteria
c39ea129388a077989abed2081b5fe88,13.375,14.75,18.225,18.6,10.225,17.325,13.6,3.025,9.95,9.9,14.3,13.525,19.725,20.875,20.35,18.45,17.55,-1.0,Bacteroidota
08220c63935e60ddef0830ac0cd3a6c5,7.175,5.925,6.0,6.575,6.3,6.9,3.65,4.25,4.95,5.275,5.05,7.05,6.85,5.8,6.375,9.625,12.9,-1.0,Actinobacteriota
f7d481c6e4ae9e0ac296fe40603965f7,2.175,2.775,1.975,1.15,7.375,13.95,9.15,3.75,2.325,1.775,0.525,0.6,2.8,3.0,5.975,3.925,2.925,0.0,Bacteroidota
4e5ff310075a50266f9d480989d68398,2.65,3.5,3.475,3.525,2.85,2.125,3.225,3.575,3.425,3.8,4.275,3.9,2.65,3.3,5.525,4.25,5.6,-1.0,Gammaproteobacteria
e416d0916760d2fc17b616e2ac3ad855,2.625,2.9,3.975,3.55,3.225,2.125,2.85,3.525,2.725,3.45,3.95,5.55,3.275,3.775,3.675,4.55,3.35,-1.0,Gammaproteobacteria
cd3252d96bdb1efe5fc05bc00a9d9309,3.525,6.075,3.475,5.025,4.0,2.325,2.575,2.725,2.2,3.625,2.05,3.075,2.8,2.725,3.425,4.525,2.95,0.0,Actinobacteriota
af27577de5edb10c09f7fc19b9ca45ca,3.25,2.725,2.3,2.85,2.175,3.325,2.375,6.275,5.05,5.175,2.825,1.85,2.925,1.975,2.4,2.15,1.575,1.0,Alphaproteobacteria
f9c1c7de158ab4d555ec46bec26478f1,2.0,1.725,2.3,2.6,2.275,0.975,1.25,9.9,4.05,4.05,1.875,1.375,1.475,1.65,1.525,1.7,3.025,0.0,Bacteroidota
ffd660f96ba6668b2d8d86fc4e150862,1.3,1.95,2.175,2.525,2.15,1.625,4.4,1.25,2.35,3.825,3.375,2.95,1.5,1.825,1.5,1.05,1.225,0.0,Bacteroidota
f3adc35cb1fc524f48eba2a0ea2c2b07,4.325,3.95,3.225,4.075,6.775,0.775,1.5,0.8,0.975,0.425,0.725,1.575,1.25,1.075,1.375,1.25,1.475,0.0,Gammaproteobacteria
953d6d0a551de62b58c96dbef8759bbd,1.675,1.225,1.2,1.475,0.35,1.575,1.45,1.525,2.9,3.0,2.5,2.3,1.875,2.1,2.575,3.55,3.9,0.0,Actinobacteriota
68262884f1021c896f8e1bf7348d773c,0.775,1.375,0.95,1.15,0.875,2.475,1.05,0.475,0.85,1.625,2.95,2.65,2.925,2.525,1.575,3.45,3.025,-1.0,Bacteroidota
fe7b5b769375b837bb6d4bfa6dee234f,2.6,3.6,2.275,2.325,1.525,1.725,2.0,0.475,0.675,0.625,0.675,0.7,1.175,1.7,1.225,1.125,0.3,0.0,Bacteroidota
ec1b43e5744d0729275b2baa1c16ede9,1.025,1.45,1.25,2.125,0.925,2.3,1.9,2.1,3.15,1.75,0.475,0.35,0.9,0.65,1.8,0.5,0.625,1.0,Alphaproteobacteria
653334c36340a20181971e05d9b4e110,0.675,0.25,0.575,0.55,1.35,1.025,3.325,2.175,2.75,1.525,1.775,1.3,1.825,1.325,0.625,0.675,1.0,1.0,Gammaproteobacteria
1d1d68c0261030f6885f385754f10174,0.7,0.475,0.925,0.625,0.75,0.45,0.6,1.025,0.475,1.625,2.775,2.825,2.15,2.35,1.475,0.975,1.55,-1.0,Bacteroidota
24055c9a3d2b339846662bc114d7f158,0.325,0.6,0.675,1.5,0.675,0.425,0.575,0.0,0.7,0.325,1.625,1.475,2.525,2.225,2.525,3.2,2.15,-1.0,Bacteroidota
f9491c3e6b9696bee439b98d32336180,0.475,0.15,0.225,0.1,0.0,0.075,0.0,1.15,0.6,0.75,1.825,1.975,2.25,2.025,3.1,1.75,2.1,-1.0,Bacteroidota
00d4306620fb956f4cb8ea6616da13a3,1.5,0.625,1.05,1.075,0.45,1.1,0.6,1.35,0.925,1.1,1.025,0.625,0.925,0.525,0.475,0.3,0.375,1.0,Alphaproteobacteria
4b005828a1cb2add3f80a8d6f4d87519,1.875,1.225,1.25,1.05,0.3,1.725,0.75,0.0,1.45,0.5,1.175,0.25,0.0,0.7,0.0,0.275,0.425,1.0,Alphaproteobacteria
128126b2087f7f7f7566f024fbdf5a05,0.175,0.0,0.2,0.55,0.0,0.825,1.025,0.825,1.3,1.525,0.675,0.375,0.725,0.95,0.975,0.95,0.75,0.0,Alphaproteobacteria
5395cf9d11c88c5a47b933b199fb99bb,1.875,0.75,0.65,0.4,0.1,0.35,1.025,0.8,2.15,0.7,0.975,0.25,0.225,0.3,0.175,0.0,0.0,1.0,Bacteroidota
6b94959874b693c3304e68c57cefd287,1.125,0.825,0.925,0.925,1.125,0.65,0.625,0.525,0.55,0.5,0.275,0.325,0.5,0.25,0.0,0.3,0.175,1.0,Actinobacteriota
182bb0ae69d9b451fda7ceb8d8d3cd9e,0.1,0.175,0.275,0.275,0.875,0.35,0.6,1.225,1.4,1.125,0.575,0.8,0.45,0.375,0.0,0.325,0.15,1.0,Gammaproteobacteria
0b60e65624fab50047f1eb1eb04002d1,1.75,1.15,0.65,0.425,0.175,0.525,0.6,1.2,1.075,0.5,0.1,0.075,0.0,0.1,0.0,0.0,0.0,1.0,Bacteroidota
6107feed8d202981b5e39e244bb4b3cc,1.025,0.5,1.05,1.125,0.325,0.55,0.775,0.15,0.6,0.2,0.2,0.1,0.175,0.175,0.325,0.0,0.0,1.0,Actinobacteriota
c58754f3613677615cb80ce5013b088c,0.125,0.15,0.0,0.0,0.0,0.05,0.1,2.975,2.275,0.35,0.125,0.275,0.25,0.0,0.0,0.0,0.0,0.0,Bacteroidota
874311c1048fd431c9e27bee67784ac7,0.475,0.375,0.725,0.45,0.0,0.3,0.9,0.0,0.3,0.625,0.85,0.375,0.4,0.375,0.0,0.2,0.0,0.0,Bacteroidota
54658c5cabc3c6c07f1e6556120cc99c,0.625,0.25,0.375,0.25,0.0,0.25,0.4,0.6,0.725,0.325,0.4,0.325,0.425,0.3,0.425,0.25,0.4,0.0,Gammaproteobacteria
eb2625c1474f98f554b002fcd5d1088e,0.125,0.075,0.0,0.0,0.0,0.15,0.0,2.325,0.95,0.675,0.4,0.775,0.075,0.0,0.2,0.175,0.0,0.0,Bacteroidota
6e6f306a337ba255a7f4a7f8469ff691,0.375,0.2,0.2,0.175,0.35,0.275,0.325,0.275,0.2,0.375,0.65,0.5,0.35,0.45,0.4,0.225,0.275,0.0,Gammaproteobacteria
680a50c1257b1f625387c1f5eac1f8f7,0.35,0.4,0.175,0.0,0.25,0.425,0.0,0.175,0.175,0.25,0.175,0.0,0.0,0.45,1.175,0.85,0.625,-1.0,Bacteroidota
f672aa3aea2d03f0b297739022e9b716,0.425,0.45,0.3,0.175,0.375,0.0,0.25,0.675,0.4,0.575,0.55,0.45,0.125,0.325,0.0,0.125,0.25,1.0,Gammaproteobacteria
2d2bbc4cfa8b494a23ea16706372d26c,0.9,0.775,0.925,1.75,0.425,0.1,0.0,0.0,0.0,0.0,0.0,0.0,0.0,0.0,0.0,0.0,0.0,,Bacteroidota
1aa45332969575442e0a457ef371669d,0.275,0.45,0.2,0.45,0.2,0.05,0.0,0.275,0.225,0.425,0.475,0.425,0.3,0.225,0.0,0.0,0.0,-1.0,Verrucomicrobiota
d7bcf10280a09cd0b463ce3f2d218d9c,0.25,0.275,0.225,0.275,0.0,0.0,0.375,0.525,0.425,0.6,0.725,0.2,0.0,0.0,0.0,0.0,0.0,0.0,Bacteroidota
7f79adb6f17ca8c8dec3d655e2206dd6,0.225,0.025,0.0,0.225,0.25,0.075,0.2,0.775,0.375,0.5,0.225,0.175,0.15,0.3,0.0,0.0,0.0,0.0,Bacteroidota
68a0248959d58ceddd095bab1e768a6c,0.0,0.0,0.0,0.0,0.0,0.0,0.025,1.575,0.7,0.675,0.175,0.15,0.0,0.0,0.0,0.0,0.0,0.0,Alphaproteobacteria
502419a4a0d188164b40db1cf6722742,0.4,0.325,0.2,0.225,0.35,0.325,0.475,0.2,0.175,0.125,0.2,0.0,0.0,0.0,0.0,0.0,0.0,0.0,Alphaproteobacteria
2ffc5bba8b56d331697fbd2db663fa69,0.875,0.55,0.425,0.3,0.0,0.0,0.0,0.225,0.175,0.125,0.125,0.125,0.0,0.0,0.0,0.0,0.0,1.0,Bacteroidota
5c2392591fbe650b20394fc09e9ca90c,0.25,0.55,0.225,0.0,0.125,0.2,0.425,0.275,0.35,0.3,0.0,0.125,0.0,0.0,0.0,0.0,0.0,0.0,Gammaproteobacteria
5fa97937c087ce34a2c5ae09d617b9b1,0.175,0.0,0.125,0.0,0.225,0.0,0.125,0.4,0.55,0.4,0.275,0.225,0.15,0.0,0.0,0.0,0.1,0.0,Verrucomicrobiota
0fdc35769b2ba30b50ad58aece701229,0.45,0.825,0.725,0.65,0.0,0.0,0.0,0.0,0.0,0.0,0.0,0.0,0.0,0.0,0.0,0.0,0.0,,Gammaproteobacteria
0f881e6a9e07d0f8bdc7e9090af410e9,0.4,0.4,0.15,0.3,0.0,0.55,0.125,0.4,0.125,0.0,0.0,0.0,0.0,0.0,0.0,0.0,0.0,0.0,Bacteroidota
916adc5619fafc4705b3e937d5b00c6f,0.25,0.0,0.0,0.0,0.0,0.0,0.0,0.0,0.0,0.25,0.45,0.45,0.55,0.475,0.0,0.0,0.0,-1.0,Bacteroidota
12ba333122e7499eb63d8df0ad7ea92c,0.075,0.0,0.0,0.0,0.0,0.05,0.55,0.425,0.45,0.2,0.175,0.175,0.0,0.0,0.0,0.0,0.125,0.0,Alphaproteobacteria
5f8c17bb109331397db134013bf9e9ba,0.475,0.15,0.0,0.0,0.0,0.0,0.35,0.225,0.0,0.2,0.25,0.275,0.275,0.0,0.0,0.0,0.0,0.0,Gammaproteobacteria
d70adaf7d3d98a3004a9dcf45f734e64,0.425,0.225,0.125,0.0,0.0,0.0,0.1,0.325,0.4,0.225,0.15,0.075,0.1,0.0,0.0,0.0,0.0,0.0,Bacteroidota
5dd9b4c4fb4de32a93a6e834dde0faa2,0.25,0.3,0.4,0.7,0.15,0.0,0.0,0.0,0.0,0.0,0.0,0.0,0.0,0.0,0.225,0.0,0.05,0.0,Bacteroidota
3a7c521ac033b79223933718a9a95f60,0.125,0.125,0.0,0.0,0.0,0.0,0.0,0.325,0.475,0.2,0.225,0.075,0.325,0.1,0.0,0.0,0.0,0.0,Bacteroidota
fd5786c34fcd869feecb36f039662457,0.55,0.275,0.15,0.175,0.0,0.1,0.225,0.0,0.175,0.075,0.125,0.125,0.0,0.0,0.0,0.0,0.0,0.0,Bacteroidota
49363be39f4e73fc08154c4e95e73321,0.125,0.35,0.275,0.25,0.3,0.1,0.1,0.0,0.15,0.0,0.05,0.075,0.05,0.075,0.0,0.0,0.0,0.0,Actinobacteriota
c79a813ff3faab143e9d2183861efa25,0.4,0.125,0.0,0.175,0.0,0.0,0.425,0.0,0.625,0.1,0.0,0.0,0.0,0.0,0.0,0.0,0.0,0.0,Bacteroidota
e4d1a7edc70a5b859d68e0146708f3fa,0.15,0.0,0.225,0.0,0.1,0.0,0.0,0.0,0.075,0.0,0.225,0.05,0.425,0.0,0.0,0.175,0.15,0.0,Gammaproteobacteria
9c7422a3a4ea092153a2fbc0fe158fa7,0.05,0.0,0.0,0.0,0.0,0.125,0.425,0.2,0.175,0.075,0.25,0.2,0.0,0.0,0.0,0.0,0.0,0.0,Gammaproteobacteria
36232b0e9a92abeb38a7c95bef2edb71,0.125,0.275,0.275,0.2,0.0,0.0,0.0,0.0,0.0,0.0,0.0,0.0,0.0,0.3,0.15,0.125,0.0,0.0,Other
9ef3321ad20cadc72156cab66b72a316,0.0,0.0,0.125,0.0,0.0,0.0,0.4,0.0,0.175,0.45,0.0,0.0,0.0,0.175,0.0,0.0,0.075,0.0,Other
4e88579530afedc3ba64c33a96a9e9d6,0.0,0.0,0.0,0.0,0.0,0.0,0.0,0.0,0.0,0.0,0.05,0.15,0.275,0.225,0.275,0.275,0.125,0.0,Bacteroidota
e1695c6a045496cbccbd8e8d6d275877,0.2,0.2,0.125,0.125,0.175,0.0,0.125,0.0,0.0,0.0,0.0,0.0,0.125,0.275,0.0,0.0,0.0,0.0,Cyanobacteria
9ac3bb1d7dedb08a012692a6f536b5af,0.0,0.0,0.0,0.0,0.425,0.175,0.175,0.0,0.475,0.0,0.0,0.075,0.0,0.0,0.0,0.0,0.0,0.0,Alphaproteobacteria
7041069483b0fa362520f7ca7e77650d,0.25,0.0,0.1,0.0,0.0,0.0,0.1,0.275,0.225,0.3,0.075,0.0,0.0,0.0,0.0,0.0,0.0,0.0,Bacteroidota
f908a38600f83fdc81be5d4d19e1c44e,0.05,0.0,0.0,0.0,0.0,0.0,0.35,0.0,0.0,0.0,0.425,0.3,0.0,0.15,0.0,0.0,0.0,0.0,Gammaproteobacteria
d2d5427ea6e035b016300288ed5695e9,0.075,0.1,0.15,0.2,0.075,0.0,0.075,0.0,0.05,0.075,0.075,0.1,0.15,0.125,0.0,0.0,0.0,-1.0,Actinobacteriota
c0fd0d090593e2b69c3a735e115e1f1b,0.075,0.1,0.075,0.15,0.0,0.1,0.25,0.05,0.175,0.0,0.0,0.0,0.0,0.025,0.0,0.0,0.2,0.0,Gammaproteobacteria
ec19ef66883b36d2b73e77929806ee7f,0.1,0.0,0.0,0.0,0.0,0.0,0.125,0.35,0.225,0.15,0.075,0.075,0.0,0.0,0.0,0.0,0.0,1.0,Other
a1b5c22937f5d5a044f7d3d1769975c3,0.075,0.2,0.0,0.075,0.0,0.1,0.225,0.0,0.1,0.05,0.1,0.0,0.0,0.05,0.0,0.0,0.05,1.0,Other
d1846621d56307859a8d6c6bf12e33cd,0.2,0.2,0.15,0.075,0.175,0.0,0.0,0.0,0.0,0.0,0.0,0.075,0.0,0.075,0.075,0.0,0.0,1.0,Verrucomicrobiota
41aa0d37a9c4bc4a849852f7c6824e02,0.15,0.225,0.0,0.5,0.0,0.0,0.0,0.0,0.0,0.125,0.0,0.0,0.0,0.0,0.0,0.0,0.0,,Actinobacteriota
8cff7bc3fb5f7586f26e4837583cb108,0.1,0.0,0.0,0.0,0.0,0.075,0.2,0.075,0.25,0.05,0.075,0.1,0.0,0.0,0.0,0.0,0.0,0.0,Gammaproteobacteria
84e7ff9bf4762d8524c746622aa60588,0.075,0.15,0.0,0.125,0.0,0.1,0.075,0.0,0.075,0.025,0.0,0.0,0.0,0.025,0.25,0.0,0.0,0.0,Verrucomicrobiota
3046627c356a24ce50a771cb00466245,0.25,0.0,0.0,0.0,0.0,0.0,0.15,0.4,0.0,0.0,0.075,0.0,0.0,0.0,0.0,0.0,0.0,0.0,Bacteroidota
9af3467db68cf6063627304cecd46a65,0.0,0.0,0.0,0.0,0.0,0.275,0.4,0.0,0.0,0.0,0.0,0.175,0.0,0.0,0.0,0.0,0.0,0.0,Gammaproteobacteria
c1ba9460c7bf03aa48206243533697a9,0.0,0.0,0.0,0.0,0.0,0.0,0.825,0.0,0.0,0.0,0.0,0.0,0.0,0.0,0.0,0.0,0.0,,Gammaproteobacteria
2c070f4880cc78c48ec292dd9c89b597,0.025,0.0,0.0,0.0,0.0,0.0,0.0,0.175,0.2,0.2,0.1,0.075,0.0,0.0,0.0,0.0,0.0,1.0,Alphaproteobacteria
71e79965c75da5beadef84bb90e85ac8,0.0,0.0,0.0,0.0,0.0,0.0,0.0,0.15,0.125,0.35,0.05,0.075,0.0,0.0,0.0,0.0,0.0,0.0,Alphaproteobacteria
fd2899fba49792389b004ff5b4edc105,0.3,0.2,0.0,0.25,0.0,0.0,0.0,0.0,0.0,0.0,0.0,0.0,0.0,0.0,0.0,0.0,0.0,,Gammaproteobacteria
761ead633066299a844718a936a73d40,0.075,0.0,0.0,0.0,0.075,0.0,0.075,0.0,0.075,0.125,0.175,0.0,0.0,0.125,0.0,0.0,0.0,-1.0,Other
c1ffec3e68d94c905a648e7664c2d2b3,0.0,0.0,0.0,0.0,0.0,0.0,0.15,0.0,0.175,0.175,0.075,0.15,0.0,0.0,0.0,0.0,0.0,0.0,Gammaproteobacteria
5d2e49450a273f6c0be13ac0df389082,0.05,0.0,0.0,0.0,0.05,0.0,0.0,0.125,0.05,0.1,0.0,0.2,0.025,0.075,0.0,0.0,0.05,0.0,Bacteroidota
29534172d78e3b38b46e63f13802cb38,0.0,0.0,0.0,0.0,0.0,0.0,0.0,0.5,0.0,0.2,0.0,0.0,0.0,0.0,0.0,0.0,0.0,,Gammaproteobacteria
8df2b2e6c1cb64bd18b81d5bae7f0898,0.0,0.0,0.0,0.0,0.325,0.0,0.375,0.0,0.0,0.0,0.0,0.0,0.0,0.0,0.0,0.0,0.0,,Gammaproteobacteria
5327e163428262c6265b605f3fc3f617,0.275,0.0,0.0,0.0,0.2,0.1,0.0,0.0,0.0,0.0,0.0,0.1,0.0,0.0,0.0,0.0,0.0,0.0,Other
f22dbe466ab7a6820a3fa8f0c23529d6,0.125,0.0,0.0,0.0,0.0,0.0,0.0,0.025,0.1,0.125,0.125,0.0,0.075,0.05,0.0,0.0,0.0,0.0,Gammaproteobacteria
f9e864a4b56320d9a9d165537511a13a,0.075,0.0,0.0,0.0,0.0,0.0,0.3,0.1,0.05,0.1,0.0,0.0,0.0,0.0,0.0,0.0,0.0,0.0,Gammaproteobacteria
f946b50381ec921baf3aeb617487cae2,0.125,0.0,0.0,0.0,0.0,0.1,0.0,0.0,0.375,0.0,0.0,0.0,0.0,0.0,0.0,0.0,0.0,,Other
49ef3ac1550d8b721b9cf05353db4266,0.05,0.025,0.075,0.125,0.3,0.0,0.0,0.0,0.0,0.0,0.0,0.0,0.0,0.0,0.0,0.0,0.0,,Other
3b6fd7be1d9b5827f77b4942a55be2e3,0.025,0.075,0.075,0.0,0.0,0.0,0.0,0.0,0.05,0.125,0.15,0.0,0.0,0.075,0.0,0.0,0.0,0.0,Alphaproteobacteria
1638aa56cb7da424b703873161ce93b5,0.125,0.175,0.1,0.0,0.0,0.0,0.0,0.0,0.15,0.0,0.0,0.025,0.0,0.0,0.0,0.0,0.0,,Bacteroidota
3f456a18968cea5c5e549e281f0f5808,0.05,0.225,0.0,0.0,0.0,0.0,0.0,0.0,0.125,0.05,0.0,0.1,0.0,0.0,0.0,0.0,0.0,0.0,Actinobacteriota
9430299127d3ead3db04bc1987302d9c,0.05,0.125,0.1,0.1,0.0,0.025,0.0,0.0,0.05,0.0,0.025,0.05,0.0,0.0,0.0,0.0,0.0,0.0,Bacteroidota
159444bc0b813da46a659d21a4d714fe,0.05,0.1,0.0,0.0,0.0,0.0,0.15,0.0,0.0,0.1,0.125,0.0,0.0,0.0,0.0,0.0,0.0,0.0,Verrucomicrobiota
faef71610aa24b3d201ee1da2cce1099,0.175,0.0,0.0,0.0,0.0,0.0,0.125,0.0,0.2,0.0,0.0,0.0,0.0,0.0,0.0,0.0,0.0,,Gammaproteobacteria
945184b6386c192c0066e0a98a154780,0.0,0.0,0.175,0.0,0.0,0.3,0.0,0.0,0.0,0.0,0.0,0.025,0.0,0.0,0.0,0.0,0.0,,Gammaproteobacteria
3481fa43fe5fba6aecdc7f9aae6ed9c0,0.05,0.0,0.0,0.225,0.0,0.0,0.0,0.0,0.225,0.0,0.0,0.0,0.0,0.0,0.0,0.0,0.0,,Gammaproteobacteria
b4289ab0a9a00034c1fbce477b2c4ded,0.0,0.0,0.0,0.0,0.15,0.0,0.0,0.0,0.15,0.0,0.05,0.0,0.0,0.0,0.0,0.0,0.15,0.0,Gammaproteobacteria
8f1f0c16b5ae8d0f4a9f295ceefeb311,0.1,0.0,0.0,0.0,0.075,0.0,0.05,0.0,0.15,0.075,0.0,0.05,0.0,0.0,0.0,0.0,0.0,0.0,Bacteroidota
d47d8079ce4160fc003bde985b2fba98,0.05,0.0,0.025,0.0,0.0,0.0,0.1,0.0,0.125,0.075,0.125,0.0,0.0,0.0,0.0,0.0,0.0,0.0,Bacteroidota
f37fc1dccfeba0004cbeb4f1ad6083c6,0.0,0.0,0.0,0.0,0.0,0.0,0.0,0.0,0.0,0.35,0.0,0.125,0.0,0.0,0.0,0.0,0.0,,Gammaproteobacteria
01fab5128a356827231fbacc44b9981a,0.0,0.0,0.0,0.0,0.0,0.0,0.0,0.0,0.0,0.0,0.0,0.0,0.0,0.2,0.0,0.125,0.15,0.0,Bacteroidota
d88ed905438959fd8ee98652a99e4ff3,0.0,0.0,0.125,0.0,0.0,0.0,0.0,0.0,0.025,0.125,0.0,0.0,0.0,0.2,0.0,0.0,0.0,0.0,Bacteroidota
f0032821fb6aef3771afb4f5d698c64c,0.15,0.0,0.0,0.0,0.15,0.0,0.0,0.125,0.0,0.0,0.0,0.05,0.0,0.0,0.0,0.0,0.0,0.0,Bacteroidota
9434f7e486b0c09d19e3db2803d7c3fa,0.025,0.0,0.0,0.0,0.075,0.1,0.15,0.0,0.1,0.0,0.0,0.0,0.0,0.0,0.0,0.0,0.0,0.0,Other
1de4896460562cae3be7c9d14bfe84cf,0.0,0.0,0.0,0.0,0.0,0.0,0.0,0.0,0.2,0.0,0.25,0.0,0.0,0.0,0.0,0.0,0.0,,Gammaproteobacteria
a120ace2823a953a1a8cc10dd9d805e8,0.1,0.0,0.0,0.0,0.0,0.05,0.125,0.0,0.075,0.0,0.1,0.0,0.0,0.0,0.0,0.0,0.0,0.0,Gammaproteobacteria
932bc44d957c32c1935fd542c664f02a,0.05,0.0,0.0,0.175,0.1,0.0,0.0,0.0,0.05,0.0,0.0,0.05,0.0,0.0,0.0,0.0,0.0,0.0,Other
b36023fc56449cdd4e744a34b01598f8,0.0,0.0,0.0,0.0,0.0,0.0,0.15,0.0,0.075,0.1,0.1,0.0,0.0,0.0,0.0,0.0,0.0,0.0,Alphaproteobacteria
e4909afbea1157e9a3facb213914e0d8,0.125,0.0,0.0,0.0,0.0,0.0,0.0,0.0,0.025,0.075,0.025,0.125,0.0,0.025,0.0,0.025,0.0,0.0,Bacteroidota
9233e5ddae8fe129db164d1590905605,0.075,0.0,0.075,0.075,0.05,0.0,0.0,0.0,0.025,0.0,0.0,0.075,0.0,0.0,0.0,0.025,0.0,0.0,Bacteroidota
af767841e471a66891128768eb008fdc,0.0,0.0,0.0,0.0,0.0,0.0,0.0,0.0,0.0,0.0,0.125,0.125,0.0,0.0,0.125,0.0,0.025,0.0,Bacteroidota
1bf28b748e78c1e80fc6df716c119bf6,0.1,0.0,0.0,0.175,0.0,0.0,0.0,0.0,0.1,0.0,0.0,0.0,0.0,0.0,0.0,0.0,0.0,,Other
113381e3893ed86fffe77e3fce5dd07f,0.1,0.1,0.0,0.0,0.0,0.0,0.0,0.0,0.0,0.175,0.0,0.0,0.0,0.0,0.0,0.0,0.0,,Alphaproteobacteria
a8f6760bd4378818c3baa8a9129cd930,0.025,0.0,0.0,0.225,0.125,0.0,0.0,0.0,0.0,0.0,0.0,0.0,0.0,0.0,0.0,0.0,0.0,,Bacteroidota
40f03404f784dbfb7416525222e6ab20,0.1,0.025,0.0,0.0,0.075,0.0,0.0,0.0,0.1,0.0,0.0,0.05,0.0,0.0,0.025,0.0,0.0,1.0,Other
509eaeea5d891500059f3b856822c912,0.1,0.0,0.125,0.025,0.1,0.0,0.0,0.0,0.0,0.0,0.0,0.0,0.0,0.0,0.0,0.0,0.0,,Other
1b03c73f2f3a077f62d8bca857ea87b4,0.15,0.0,0.0,0.0,0.0,0.0,0.0,0.125,0.075,0.0,0.0,0.0,0.0,0.0,0.0,0.0,0.0,,Other
26b6d555823c43ff253ff556cd2a30f1,0.025,0.0,0.0,0.0,0.0,0.0,0.0,0.175,0.075,0.075,0.0,0.0,0.0,0.0,0.0,0.0,0.0,0.0,Bacteroidota
ecf34002e3cda4cc1ac3054b88d02335,0.075,0.0,0.15,0.0,0.0,0.0,0.0,0.0,0.0,0.0,0.05,0.0,0.0,0.05,0.0,0.0,0.0,,Other
79446e81bd023ac5680a8bf364e0e92a,0.0,0.0,0.0,0.0,0.0,0.15,0.0,0.05,0.05,0.0,0.025,0.05,0.0,0.0,0.0,0.0,0.0,0.0,Other
007978dab7aed7eb4d5ffff337638bd2,0.05,0.0,0.0,0.0,0.0,0.0,0.0,0.125,0.0,0.1,0.025,0.025,0.0,0.0,0.0,0.0,0.0,0.0,Other
cae33a7d5f2c2e4efab7a096e71afddf,0.125,0.0,0.0,0.0,0.0,0.0,0.2,0.0,0.0,0.0,0.0,0.0,0.0,0.0,0.0,0.0,0.0,,Verrucomicrobiota
47f21000b88faf8a0d4a06f8961990b9,0.0,0.0,0.0,0.0,0.0,0.0,0.0,0.025,0.025,0.1,0.0,0.025,0.0,0.0,0.0,0.0,0.125,0.0,Other
a080a409c3444a2a2ebd1d7716b1b32f,0.0,0.0,0.0,0.0,0.0,0.0,0.0,0.0,0.3,0.0,0.0,0.0,0.0,0.0,0.0,0.0,0.0,,Alphaproteobacteria
d118854b81e1eb3096a5f8f78036b3cd,0.0,0.0,0.0,0.0,0.0,0.0,0.0,0.075,0.05,0.175,0.0,0.0,0.0,0.0,0.0,0.0,0.0,0.0,Alphaproteobacteria
c9049202e37dc92d62a254da16a71985,0.05,0.125,0.125,0.0,0.0,0.0,0.0,0.0,0.0,0.0,0.0,0.0,0.0,0.0,0.0,0.0,0.0,,Gammaproteobacteria
28a343f8e68bb8e40238d3e9d03894bc,0.05,0.0,0.1,0.0,0.0,0.0,0.0,0.0,0.025,0.05,0.0,0.075,0.0,0.0,0.0,0.0,0.0,0.0,Bacteroidota
3bfe59464b0d58d1512685abdccb124d,0.025,0.0,0.1,0.075,0.0,0.0,0.0,0.0,0.0,0.0,0.1,0.0,0.0,0.0,0.0,0.0,0.0,,Bacteroidota
9c23c8201866799f614a01493a6c03ba,0.075,0.0,0.0,0.0,0.0,0.075,0.0,0.0,0.0,0.15,0.0,0.0,0.0,0.0,0.0,0.0,0.0,,Other
1dfbbb0e3e17e809cf3bb4c95c673751,0.0,0.0,0.05,0.0,0.0,0.0,0.0,0.0,0.025,0.075,0.05,0.05,0.025,0.0,0.0,0.0,0.0,0.0,Alphaproteobacteria
a652f496fb4f9105e6797d717c3926ef,0.0,0.0,0.0,0.0,0.0,0.125,0.0,0.0,0.025,0.125,0.0,0.0,0.0,0.0,0.0,0.0,0.0,0.0,Other
3d5855852ed2cb0724ebaecac1c0cb35,0.025,0.0,0.0,0.0,0.075,0.0,0.0,0.0,0.05,0.0,0.05,0.0,0.0,0.0,0.0,0.0,0.075,0.0,Alphaproteobacteria
737b297f07a3f031c6f4ec41a6ba9dab,0.0,0.0,0.0,0.0,0.0,0.0,0.0,0.0,0.175,0.1,0.0,0.0,0.0,0.0,0.0,0.0,0.0,,Gammaproteobacteria
c2b524b593511377e6937d7d94b8611f,0.0,0.0,0.0,0.0,0.0,0.0,0.275,0.0,0.0,0.0,0.0,0.0,0.0,0.0,0.0,0.0,0.0,,Bacteroidota
94007ade29ecc38144b271031538f431,0.025,0.075,0.0,0.0,0.0,0.0,0.1,0.0,0.075,0.0,0.0,0.0,0.0,0.0,0.0,0.0,0.0,,Bacteroidota
ad07e5885874179952e16bf2f7bb57b3,0.0,0.0,0.0,0.0,0.0,0.0,0.0,0.25,0.0,0.0,0.0,0.0,0.0,0.025,0.0,0.0,0.0,,Bacteroidota
c969bfaa705cf93b9c3df9868d0efd29,0.15,0.0,0.0,0.0,0.0,0.0,0.0,0.0,0.1,0.0,0.0,0.0,0.0,0.0,0.0,0.0,0.0,,Actinobacteriota
59786a380d10830b9e9990260b401ee5,0.125,0.0,0.0,0.0,0.0,0.0,0.0,0.0,0.0,0.075,0.05,0.0,0.0,0.0,0.0,0.0,0.0,,Other
2815815189bb8b00c9c20d6409117046,0.0,0.0,0.0,0.0,0.0,0.25,0.0,0.0,0.0,0.0,0.0,0.0,0.0,0.0,0.0,0.0,0.0,,Gammaproteobacteria
4485f750175074a24832e0b4f4511de5,0.0,0.0,0.0,0.0,0.0,0.0,0.0,0.0,0.25,0.0,0.0,0.0,0.0,0.0,0.0,0.0,0.0,,Gammaproteobacteria
e832bb509af98bf15c612c4f7eb691cb,0.0,0.0,0.0,0.0,0.0,0.0,0.0,0.0,0.05,0.05,0.0,0.05,0.1,0.0,0.0,0.0,0.0,0.0,Bacteroidota
eb5566411a98964873c995c18df4ce7c,0.25,0.0,0.0,0.0,0.0,0.0,0.0,0.0,0.0,0.0,0.0,0.0,0.0,0.0,0.0,0.0,0.0,,Bacteroidota
7dca8eb0cf60b1afdec96cb5b47e2e96,0.025,0.0,0.0,0.0,0.0,0.025,0.0,0.0,0.1,0.0,0.0,0.0,0.025,0.025,0.0,0.0,0.05,0.0,Verrucomicrobiota
8aaecbcc8af4cba72ae7521704416a37,0.05,0.0,0.0,0.0,0.0,0.0,0.2,0.0,0.0,0.0,0.0,0.0,0.0,0.0,0.0,0.0,0.0,,Verrucomicrobiota
06620bf0b3fe7526e28ace17a2b9624e,0.0,0.0,0.0,0.0,0.0,0.0,0.0,0.075,0.0,0.05,0.0,0.1,0.0,0.0,0.0,0.0,0.0,0.0,Other
2b34c3e9694bcb0f67be599f587521f1,0.05,0.0,0.0,0.025,0.0,0.0,0.0,0.0,0.075,0.0,0.0,0.075,0.0,0.0,0.0,0.0,0.0,,Other
31b23df96901a1bd5e1959c8ef4e0331,0.05,0.0,0.0,0.0,0.0,0.025,0.0,0.0,0.0,0.0,0.15,0.0,0.0,0.0,0.0,0.0,0.0,,Other
2bce2c03a49a801da9460b2b3b98bc70,0.0,0.0,0.0,0.0,0.0,0.0,0.05,0.0,0.0,0.0,0.0,0.175,0.0,0.0,0.0,0.0,0.0,,Alphaproteobacteria
d829bee4984f82ffc2453212157caf96,0.0,0.0,0.0,0.0,0.0,0.0,0.0,0.1,0.0,0.125,0.0,0.0,0.0,0.0,0.0,0.0,0.0,,Alphaproteobacteria
ad9e0017fee8f1eaaf3c142b2c9fa459,0.0,0.0,0.0,0.0,0.0,0.0,0.0,0.025,0.025,0.125,0.05,0.0,0.0,0.0,0.0,0.0,0.0,0.0,Alphaproteobacteria
269fe66ba4ebf844790d45cb44007e8f,0.225,0.0,0.0,0.0,0.0,0.0,0.0,0.0,0.0,0.0,0.0,0.0,0.0,0.0,0.0,0.0,0.0,,Gammaproteobacteria
1b89949a3c3ac8ca4371667ee203afcf,0.025,0.0,0.0,0.0,0.0,0.0,0.0,0.2,0.0,0.0,0.0,0.0,0.0,0.0,0.0,0.0,0.0,,Gammaproteobacteria
c428552adab88738378b4fd67be5faeb,0.0,0.0,0.0,0.0,0.0,0.0,0.0,0.0,0.0,0.15,0.075,0.0,0.0,0.0,0.0,0.0,0.0,,Bacteroidota
15d33303de8a2df0d68b1f0c198e38e4,0.025,0.0,0.0,0.0,0.0,0.05,0.025,0.0,0.125,0.0,0.0,0.0,0.0,0.0,0.0,0.0,0.0,0.0,Bacteroidota
cc4fa9a30fb72ffe2170c798191b1aba,0.0,0.0,0.0,0.0,0.0,0.0,0.0,0.2,0.0,0.0,0.0,0.0,0.0,0.0,0.0,0.0,0.0,,Other
6aae9a17fbd9c7a4f55a65ef18d63320,0.0,0.0,0.0,0.0,0.0,0.0,0.0,0.0,0.0,0.0,0.0,0.1,0.0,0.1,0.0,0.0,0.0,,Alphaproteobacteria
2fcf4b575901d3f1184884f4b4319d2c,0.0,0.0,0.0,0.0,0.0,0.0,0.2,0.0,0.0,0.0,0.0,0.0,0.0,0.0,0.0,0.0,0.0,,Gammaproteobacteria
bebe0d7fb3dcb52b47fa05da386d8420,0.0,0.0,0.0,0.0,0.0,0.0,0.1,0.0,0.0,0.0,0.1,0.0,0.0,0.0,0.0,0.0,0.0,,Gammaproteobacteria
5ea0bf135f2f2672d53a02c147038fd7,0.025,0.0,0.0,0.0,0.0,0.125,0.0,0.0,0.05,0.0,0.0,0.0,0.0,0.0,0.0,0.0,0.0,,Bacteroidota
4379fd2009ced9128218c7fa7cdbdda4,0.1,0.0,0.0,0.0,0.0,0.0,0.0,0.0,0.0,0.075,0.025,0.0,0.0,0.0,0.0,0.0,0.0,,Bacteroidota
6c4615f252677b1784e22fdc5645921d,0.075,0.0,0.0,0.0,0.125,0.0,0.0,0.0,0.0,0.0,0.0,0.0,0.0,0.0,0.0,0.0,0.0,,Bacteroidota
494db538559fffe9f1233e228cf3b4e0,0.0,0.0,0.0,0.0,0.0,0.0,0.125,0.0,0.075,0.0,0.0,0.0,0.0,0.0,0.0,0.0,0.0,,Bacteroidota
d1e07c73ad801203d4e9301d0885c452,0.025,0.0,0.0,0.0,0.0,0.0,0.0,0.1,0.0,0.075,0.0,0.0,0.0,0.0,0.0,0.0,0.0,,Bacteroidota
4e13a88e53218d14be546cb458cf87cf,0.1,0.025,0.0,0.0,0.0,0.0,0.0,0.075,0.0,0.0,0.0,0.0,0.0,0.0,0.0,0.0,0.0,,Other
f1dbe0f3476c8b5948f8c288ba17e015,0.0,0.0,0.0,0.0,0.0,0.0,0.0,0.0,0.0,0.0,0.0,0.0,0.0,0.0,0.0,0.2,0.0,,Verrucomicrobiota
9c261b045dc0da456ed27b6bf7b59d74,0.0,0.0,0.0,0.0,0.0,0.0,0.0,0.0,0.0,0.0,0.2,0.0,0.0,0.0,0.0,0.0,0.0,,Verrucomicrobiota
4f39e6542d2c7eacb72bb4c97944d169,0.025,0.025,0.05,0.05,0.0,0.0,0.0,0.0,0.025,0.0,0.0,0.0,0.0,0.0,0.0,0.0,0.0,,Other
bdbeb6ce61f002f07064ecc8dd70dbd5,0.05,0.125,0.0,0.0,0.0,0.0,0.0,0.0,0.0,0.0,0.0,0.0,0.0,0.0,0.0,0.0,0.0,,Other
e4a5397287ad43e9a3107baa19ba7f18,0.1,0.0,0.075,0.0,0.0,0.0,0.0,0.0,0.0,0.0,0.0,0.0,0.0,0.0,0.0,0.0,0.0,,Other
6ec6560cc6192c437db3fd8c5824b7e1,0.0,0.0,0.0,0.0,0.0,0.0,0.0,0.0,0.0,0.125,0.0,0.05,0.0,0.0,0.0,0.0,0.0,,Other
5d485a492953c7955cd3caf340abfbda,0.0,0.0,0.0,0.0,0.0,0.0,0.0,0.0,0.175,0.0,0.0,0.0,0.0,0.0,0.0,0.0,0.0,,Other
7c7c7761ed1d350dd250d3bf1f131073,0.0,0.0,0.0,0.0,0.0,0.0,0.0,0.0,0.075,0.1,0.0,0.0,0.0,0.0,0.0,0.0,0.0,,Other
18a980ed927822f60eebf93600ee8ff4,0.0,0.0,0.0,0.0,0.0,0.0,0.0,0.0,0.075,0.1,0.0,0.0,0.0,0.0,0.0,0.0,0.0,,Other
263e41ea2c25dc87bd2ff5910cf30d40,0.0,0.0,0.0,0.0,0.0,0.0,0.0,0.0,0.0,0.0,0.0,0.175,0.0,0.0,0.0,0.0,0.0,,Other
fac5a6074067436b79e49c0a86a84fdc,0.0,0.0,0.0,0.0,0.0,0.0,0.175,0.0,0.0,0.0,0.0,0.0,0.0,0.0,0.0,0.0,0.0,,Other
6ee9a1e48df1257049776851d55dbb69,0.0,0.0,0.0,0.0,0.125,0.0,0.0,0.05,0.0,0.0,0.0,0.0,0.0,0.0,0.0,0.0,0.0,,Other
2872e7cab81214aa8d18054fa4e095a1,0.0,0.0,0.0,0.0,0.0,0.0,0.175,0.0,0.0,0.0,0.0,0.0,0.0,0.0,0.0,0.0,0.0,,Gammaproteobacteria
93fcca76cfd2a643a9b514e00e3d816f,0.0,0.0,0.0,0.0,0.0,0.0,0.0,0.125,0.0,0.0,0.05,0.0,0.0,0.0,0.0,0.0,0.0,,Bacteroidota
0df7af542d6bc4b784421e3963761aa1,0.0,0.0,0.0,0.0,0.0,0.0,0.0,0.0,0.175,0.0,0.0,0.0,0.0,0.0,0.0,0.0,0.0,,Bacteroidota
318731df8b5243f85b944770513f061e,0.0,0.0,0.0,0.0,0.175,0.0,0.0,0.0,0.0,0.0,0.0,0.0,0.0,0.0,0.0,0.0,0.0,,Bacteroidota
02cbeba62c5f39917f0503ba21755b93,0.0,0.0,0.0,0.0,0.0,0.0,0.0,0.1,0.0,0.075,0.0,0.0,0.0,0.0,0.0,0.0,0.0,,Other
24aa8d5045ca08d94ba414f4d33c2ae8,0.025,0.0,0.0,0.1,0.0,0.05,0.0,0.0,0.0,0.0,0.0,0.0,0.0,0.0,0.0,0.0,0.0,,Other
452f8b97434b4307c2fa6604d2505a5e,0.0,0.0,0.0,0.0,0.0,0.0,0.0,0.0,0.175,0.0,0.0,0.0,0.0,0.0,0.0,0.0,0.0,,Verrucomicrobiota
7483b49fd3c2e40e8f02f09a4ac8c83d,0.0,0.0,0.0,0.0,0.0,0.0,0.0,0.0,0.175,0.0,0.0,0.0,0.0,0.0,0.0,0.0,0.0,,Other
553b1a55c324a2153f749c3ff0fcaa4e,0.15,0.0,0.0,0.0,0.0,0.0,0.0,0.0,0.0,0.0,0.0,0.0,0.0,0.0,0.0,0.0,0.0,,Other
37613602e374a10ed0f20221fa4b7f15,0.0,0.0,0.0,0.15,0.0,0.0,0.0,0.0,0.0,0.0,0.0,0.0,0.0,0.0,0.0,0.0,0.0,,Other
437cae3d52e0e623c0dab0d9009e5913,0.0,0.0,0.0,0.0,0.0,0.0,0.0,0.0,0.15,0.0,0.0,0.0,0.0,0.0,0.0,0.0,0.0,,Actinobacteriota
b6e278bd7cd9488bbd24abc5468f839a,0.0,0.0,0.0,0.0,0.0,0.0,0.0,0.0,0.125,0.025,0.0,0.0,0.0,0.0,0.0,0.0,0.0,,Verrucomicrobiota
e783d831b37389598a6af3988dfecf57,0.0,0.0,0.15,0.0,0.0,0.0,0.0,0.0,0.0,0.0,0.0,0.0,0.0,0.0,0.0,0.0,0.0,,Other
107273e73071282e4d0f4a0b46548da5,0.15,0.0,0.0,0.0,0.0,0.0,0.0,0.0,0.0,0.0,0.0,0.0,0.0,0.0,0.0,0.0,0.0,,Gammaproteobacteria
157300dd035e0b4c4baafe1a3bc130da,0.0,0.0,0.0,0.0,0.0,0.0,0.0,0.0,0.0,0.15,0.0,0.0,0.0,0.0,0.0,0.0,0.0,,Gammaproteobacteria
b590f4c2f8a5c42329f1fef8c6d55035,0.0,0.0,0.0,0.0,0.0,0.0,0.0,0.0,0.0,0.0,0.15,0.0,0.0,0.0,0.0,0.0,0.0,,Gammaproteobacteria
9c91506fcfd87e77a22d522610432f77,0.15,0.0,0.0,0.0,0.0,0.0,0.0,0.0,0.0,0.0,0.0,0.0,0.0,0.0,0.0,0.0,0.0,,Gammaproteobacteria
ffde3529c33d8e46749ad0e54a94df23,0.05,0.0,0.0,0.025,0.0,0.0,0.0,0.0,0.0,0.0,0.0,0.0,0.0,0.075,0.0,0.0,0.0,,Other
0fb821fa8fe1baa28eadd4d3943d1f39,0.025,0.0,0.0,0.0,0.0,0.0,0.0,0.05,0.05,0.0,0.0,0.025,0.0,0.0,0.0,0.0,0.0,0.0,Bacteroidota
8375b47f50ee3b002fe82bfe00409092,0.0,0.0,0.0,0.0,0.0,0.0,0.05,0.0,0.0,0.1,0.0,0.0,0.0,0.0,0.0,0.0,0.0,,Bacteroidota
d494b4cf38ff626021577e5731796ea4,0.1,0.0,0.0,0.05,0.0,0.0,0.0,0.0,0.0,0.0,0.0,0.0,0.0,0.0,0.0,0.0,0.0,,Bacteroidota
1933ac7e5faf6244d1cfacf7e2f962b0,0.0,0.0,0.0,0.0,0.0,0.0,0.0,0.0,0.0,0.0,0.15,0.0,0.0,0.0,0.0,0.0,0.0,,Verrucomicrobiota
8db9e149f87e73a0f3244bc1d6a548b2,0.0,0.0,0.0,0.0,0.0,0.0,0.075,0.0,0.075,0.0,0.0,0.0,0.0,0.0,0.0,0.0,0.0,,Other
50be1cc8e0a17ff2c871418fce496b49,0.0,0.0,0.0,0.0,0.0,0.0,0.05,0.0,0.0,0.0,0.1,0.0,0.0,0.0,0.0,0.0,0.0,,Verrucomicrobiota
86ea9e167839493e3a6693ee860e9e6f,0.0,0.0,0.0,0.0,0.0,0.0,0.0,0.0,0.125,0.0,0.0,0.0,0.0,0.0,0.0,0.0,0.0,,Other
9a3448f8e321e17c10ac3b21ec325e39,0.0,0.0,0.0,0.0,0.0,0.125,0.0,0.0,0.0,0.0,0.0,0.0,0.0,0.0,0.0,0.0,0.0,,Other
8647a29076210fa07232f69849e6aa1f,0.0,0.0,0.0,0.0,0.125,0.0,0.0,0.0,0.0,0.0,0.0,0.0,0.0,0.0,0.0,0.0,0.0,,Other
409006fd388ce855971885b3a706d833,0.0,0.0,0.0,0.0,0.0,0.0,0.0,0.125,0.0,0.0,0.0,0.0,0.0,0.0,0.0,0.0,0.0,,Other
6502fcacc541cb84fa90daae75026392,0.0,0.0,0.0,0.0,0.0,0.0,0.0,0.125,0.0,0.0,0.0,0.0,0.0,0.0,0.0,0.0,0.0,,Actinobacteriota
f902de6098ca3570608e576b6658d8c5,0.0,0.0,0.0,0.0,0.0,0.0,0.0,0.0,0.0,0.05,0.075,0.0,0.0,0.0,0.0,0.0,0.0,,Actinobacteriota
59ec246a162831f517ffcb0db19f14af,0.0,0.0,0.0,0.0,0.125,0.0,0.0,0.0,0.0,0.0,0.0,0.0,0.0,0.0,0.0,0.0,0.0,,Other
4cac15127ed34488cb0082b088205704,0.0,0.0,0.0,0.0,0.0,0.0,0.0,0.125,0.0,0.0,0.0,0.0,0.0,0.0,0.0,0.0,0.0,,Other
e2a35867731fb073463f823bb3f063d2,0.125,0.0,0.0,0.0,0.0,0.0,0.0,0.0,0.0,0.0,0.0,0.0,0.0,0.0,0.0,0.0,0.0,,Other
697505aa8b446bbb14ec87697af83ba5,0.0,0.0,0.0,0.0,0.0,0.0,0.125,0.0,0.0,0.0,0.0,0.0,0.0,0.0,0.0,0.0,0.0,,Other
6fa38aed426f27bcdd42ce582fd293c3,0.0,0.0,0.0,0.0,0.0,0.075,0.0,0.0,0.0,0.0,0.0,0.05,0.0,0.0,0.0,0.0,0.0,,Other
f91201adfe8be6ff17177daa8bb13518,0.0,0.0,0.0,0.0,0.0,0.0,0.0,0.125,0.0,0.0,0.0,0.0,0.0,0.0,0.0,0.0,0.0,,Other
7e4cd7f8b39acde4326460b77f8e203f,0.075,0.0,0.0,0.0,0.0,0.0,0.05,0.0,0.0,0.0,0.0,0.0,0.0,0.0,0.0,0.0,0.0,,Alphaproteobacteria
053c09f43a8ca677723e10f2650f95aa,0.0,0.0,0.0,0.0,0.0,0.0,0.0,0.0,0.025,0.0,0.1,0.0,0.0,0.0,0.0,0.0,0.0,,Alphaproteobacteria
4ad7d9bc50cb54458cb26233f147fb0c,0.0,0.025,0.1,0.0,0.0,0.0,0.0,0.0,0.0,0.0,0.0,0.0,0.0,0.0,0.0,0.0,0.0,,Alphaproteobacteria
0474a04e496a887e5436eee26fafeda0,0.0,0.0,0.0,0.0,0.0,0.0,0.0,0.0,0.0,0.0,0.0,0.125,0.0,0.0,0.0,0.0,0.0,,Alphaproteobacteria
f609698e16aa0ceed8b7241f2f630790,0.0,0.0,0.0,0.0,0.0,0.0,0.0,0.0,0.1,0.025,0.0,0.0,0.0,0.0,0.0,0.0,0.0,,Alphaproteobacteria
070fc272903ae7ea02e3a26448029004,0.025,0.0,0.0,0.0,0.0,0.05,0.0,0.0,0.05,0.0,0.0,0.0,0.0,0.0,0.0,0.0,0.0,,Other
9be6210261a8b6e9574a41d62754fc2e,0.0,0.0,0.0,0.0,0.0,0.0,0.0,0.125,0.0,0.0,0.0,0.0,0.0,0.0,0.0,0.0,0.0,,Gammaproteobacteria
82db7380eefaef98e650944e96daf7e9,0.0,0.0,0.0,0.0,0.0,0.0,0.0,0.0,0.0,0.0,0.0,0.0,0.0,0.0,0.125,0.0,0.0,,Bacteroidota
a6aa5760f22ebe35f241dabc7c80df92,0.0,0.125,0.0,0.0,0.0,0.0,0.0,0.0,0.0,0.0,0.0,0.0,0.0,0.0,0.0,0.0,0.0,,Bacteroidota
8eaa747c0358556560585b2bbaffe252,0.0,0.0,0.0,0.0,0.0,0.0,0.0,0.0,0.1,0.0,0.025,0.0,0.0,0.0,0.0,0.0,0.0,,Bacteroidota
0ea596fe64ce496e560a07b83801bf0a,0.0,0.0,0.0,0.0,0.0,0.0,0.0,0.075,0.0,0.05,0.0,0.0,0.0,0.0,0.0,0.0,0.0,,Bacteroidota
fb85be885f7b6939516a5811d48f8335,0.025,0.0,0.0,0.0,0.0,0.0,0.0,0.0,0.05,0.05,0.0,0.0,0.0,0.0,0.0,0.0,0.0,,Bacteroidota
02f9203a0721d9f8e1449fc1dd126966,0.05,0.0,0.0,0.0,0.0,0.0,0.0,0.0,0.0,0.0,0.0,0.075,0.0,0.0,0.0,0.0,0.0,,Bacteroidota
b9f154663a53f22cd5766279276ad03b,0.0,0.0,0.0,0.0,0.0,0.0,0.0,0.0,0.0,0.125,0.0,0.0,0.0,0.0,0.0,0.0,0.0,,Bacteroidota
0cb2692fb62fbbf0d451727dce3ff98d,0.0,0.0,0.0,0.0,0.125,0.0,0.0,0.0,0.0,0.0,0.0,0.0,0.0,0.0,0.0,0.0,0.0,,Verrucomicrobiota
6c13e1ca4ca794eb2dc44429a68275ae,0.0,0.0,0.0,0.0,0.125,0.0,0.0,0.0,0.0,0.0,0.0,0.0,0.0,0.0,0.0,0.0,0.0,,Other
cff904a5584fa97ecb015aa9981c54bd,0.0,0.0,0.0,0.0,0.0,0.0,0.075,0.0,0.05,0.0,0.0,0.0,0.0,0.0,0.0,0.0,0.0,,Other
a782aa30ba429a0fc4cdc70c300227f3,0.0,0.0,0.0,0.0,0.0,0.0,0.0,0.125,0.0,0.0,0.0,0.0,0.0,0.0,0.0,0.0,0.0,,Other
f6029a0964083d893c88ff8ca1a1b877,0.0,0.0,0.0,0.0,0.0,0.0,0.125,0.0,0.0,0.0,0.0,0.0,0.0,0.0,0.0,0.0,0.0,,Verrucomicrobiota
8486668584650c491a5e6ffb7ada8c4f,0.075,0.05,0.0,0.0,0.0,0.0,0.0,0.0,0.0,0.0,0.0,0.0,0.0,0.0,0.0,0.0,0.0,,Verrucomicrobiota
671c9e63ec581a926647aa9e55b69ce9,0.0,0.0,0.0,0.0,0.0,0.0,0.0,0.0,0.0,0.0,0.025,0.0,0.0,0.1,0.0,0.0,0.0,,Verrucomicrobiota
03d5bd5fdfb65e8a115b7eebc44ceac4,0.1,0.0,0.0,0.0,0.0,0.0,0.0,0.0,0.0,0.0,0.0,0.0,0.0,0.0,0.0,0.0,0.0,,Other
7246f2cff9c954449d6eb7534dda92ea,0.0,0.05,0.0,0.0,0.0,0.0,0.0,0.0,0.0,0.0,0.05,0.0,0.0,0.0,0.0,0.0,0.0,,Other
8a26efa88983056f2e12d8d4320f1be0,0.0,0.0,0.1,0.0,0.0,0.0,0.0,0.0,0.0,0.0,0.0,0.0,0.0,0.0,0.0,0.0,0.0,,Other
e0112473f91d74a9e0b36bda66d007e6,0.0,0.0,0.0,0.0,0.0,0.0,0.0,0.075,0.0,0.025,0.0,0.0,0.0,0.0,0.0,0.0,0.0,,Other
ad21433cd7eaebda836af769c0c65962,0.0,0.0,0.0,0.0,0.1,0.0,0.0,0.0,0.0,0.0,0.0,0.0,0.0,0.0,0.0,0.0,0.0,,Other
0a714b58e2dff1c534b4be7a8550bec3,0.0,0.0,0.0,0.0,0.0,0.0,0.0,0.0,0.0,0.0,0.0,0.0,0.0,0.1,0.0,0.0,0.0,,Other
787c52825ad06ecef6e6447dbb51185f,0.0,0.0,0.0,0.0,0.025,0.0,0.0,0.0,0.0,0.075,0.0,0.0,0.0,0.0,0.0,0.0,0.0,,Other
a6f7afcf5a78ba17e54e9b0f807c0d3e,0.0,0.0,0.0,0.0,0.0,0.0,0.0,0.1,0.0,0.0,0.0,0.0,0.0,0.0,0.0,0.0,0.0,,Other
e108a9fe69993777a07aaddcfd9efcd3,0.0,0.0,0.0,0.0,0.0,0.0,0.0,0.0,0.0,0.0,0.0,0.0,0.0,0.0,0.1,0.0,0.0,,Other
987869ff61a2f9aa291a016392a0b72d,0.0,0.075,0.0,0.0,0.0,0.0,0.0,0.0,0.0,0.0,0.025,0.0,0.0,0.0,0.0,0.0,0.0,,Other
4521a3276e730b362d95db8e263e4b4a,0.0,0.0,0.0,0.0,0.0,0.0,0.0,0.0,0.0,0.0,0.0,0.1,0.0,0.0,0.0,0.0,0.0,,Other
16026e38499f6de9d0229898fd882fc5,0.0,0.0,0.0,0.0,0.0,0.0,0.1,0.0,0.0,0.0,0.0,0.0,0.0,0.0,0.0,0.0,0.0,,Other
7a54707239b322fc71b3d0b8f4c6e655,0.0,0.0,0.0,0.0,0.0,0.0,0.0,0.025,0.075,0.0,0.0,0.0,0.0,0.0,0.0,0.0,0.0,,Other
05d385f8260362e624138cae31e3f909,0.0,0.1,0.0,0.0,0.0,0.0,0.0,0.0,0.0,0.0,0.0,0.0,0.0,0.0,0.0,0.0,0.0,,Actinobacteriota
51ae3f951d5da2eb1cb820d4e69f35a2,0.0,0.0,0.0,0.1,0.0,0.0,0.0,0.0,0.0,0.0,0.0,0.0,0.0,0.0,0.0,0.0,0.0,,Other
8791e7a2c0c4d463fa2d938462ddaa47,0.0,0.0,0.0,0.0,0.0,0.1,0.0,0.0,0.0,0.0,0.0,0.0,0.0,0.0,0.0,0.0,0.0,,Other
26d7569ccfb7f20a444190c8f97ef606,0.0,0.0,0.0,0.0,0.0,0.0,0.0,0.0,0.0,0.1,0.0,0.0,0.0,0.0,0.0,0.0,0.0,,Other
bcd2a540066ab78c8a444e7534238c86,0.0,0.075,0.0,0.0,0.0,0.0,0.0,0.0,0.025,0.0,0.0,0.0,0.0,0.0,0.0,0.0,0.0,,Other
de8e378b218a00d3550acae409a8d118,0.0,0.1,0.0,0.0,0.0,0.0,0.0,0.0,0.0,0.0,0.0,0.0,0.0,0.0,0.0,0.0,0.0,,Other
8035208e313915212b14d54b6e4b320e,0.0,0.0,0.0,0.0,0.0,0.0,0.1,0.0,0.0,0.0,0.0,0.0,0.0,0.0,0.0,0.0,0.0,,Other
03c351c76c14ec2e586f2d99fbd0bff3,0.0,0.0,0.0,0.0,0.0,0.0,0.0,0.1,0.0,0.0,0.0,0.0,0.0,0.0,0.0,0.0,0.0,,Other
e8ba55147b9ad20fb841ceac97fd8259,0.0,0.0,0.0,0.0,0.0,0.0,0.0,0.0,0.0,0.0,0.1,0.0,0.0,0.0,0.0,0.0,0.0,,Alphaproteobacteria
1d145835e7f0188562322f4eefb02657,0.0,0.0,0.0,0.0,0.0,0.0,0.0,0.0,0.0,0.0,0.1,0.0,0.0,0.0,0.0,0.0,0.0,,Alphaproteobacteria
8a708778e5a5f5a6d79a3923406f7fca,0.1,0.0,0.0,0.0,0.0,0.0,0.0,0.0,0.0,0.0,0.0,0.0,0.0,0.0,0.0,0.0,0.0,,Alphaproteobacteria
67d47b5fbce84d2de37cdb16a42cefc2,0.0,0.0,0.0,0.0,0.0,0.0,0.0,0.0,0.1,0.0,0.0,0.0,0.0,0.0,0.0,0.0,0.0,,Alphaproteobacteria
f39fbafdbc6aba623f1e1a7dd409c7fd,0.0,0.0,0.0,0.0,0.0,0.0,0.0,0.0,0.1,0.0,0.0,0.0,0.0,0.0,0.0,0.0,0.0,,Alphaproteobacteria
5a715d5203f0606eea5fc74d02ff7d10,0.0,0.0,0.0,0.0,0.0,0.0,0.0,0.1,0.0,0.0,0.0,0.0,0.0,0.0,0.0,0.0,0.0,,Alphaproteobacteria
34b8c21c638b82229dd91028d5d5f28b,0.0,0.0,0.0,0.0,0.0,0.0,0.1,0.0,0.0,0.0,0.0,0.0,0.0,0.0,0.0,0.0,0.0,,Alphaproteobacteria
07f99fb784f40642f9713e217b9008d1,0.0,0.0,0.0,0.0,0.0,0.0,0.0,0.0,0.0,0.0,0.0,0.1,0.0,0.0,0.0,0.0,0.0,,Alphaproteobacteria
71eb34b47beec451b818974d6da18bdd,0.0,0.0,0.0,0.0,0.0,0.0,0.0,0.0,0.05,0.0,0.05,0.0,0.0,0.0,0.0,0.0,0.0,,Gammaproteobacteria
0202d02690b13876befe4cb198a29777,0.0,0.0,0.0,0.0,0.0,0.1,0.0,0.0,0.0,0.0,0.0,0.0,0.0,0.0,0.0,0.0,0.0,,Gammaproteobacteria
3accf19dc4cfadc96257705f766f44dc,0.0,0.075,0.0,0.0,0.0,0.0,0.0,0.0,0.0,0.025,0.0,0.0,0.0,0.0,0.0,0.0,0.0,,Gammaproteobacteria
347eadb9c31e728df4865beb3d73d74e,0.05,0.0,0.0,0.0,0.0,0.0,0.05,0.0,0.0,0.0,0.0,0.0,0.0,0.0,0.0,0.0,0.0,,Gammaproteobacteria
f2dbe887faa45c96eda7c9c8ae55c3b8,0.0,0.0,0.0,0.0,0.0,0.0,0.1,0.0,0.0,0.0,0.0,0.0,0.0,0.0,0.0,0.0,0.0,,Gammaproteobacteria
7d5f671eabffd7d653d18e5598a30d17,0.0,0.0,0.0,0.0,0.0,0.0,0.0,0.1,0.0,0.0,0.0,0.0,0.0,0.0,0.0,0.0,0.0,,Gammaproteobacteria
7e22bbb5d5c48a262e695357791d4ed9,0.0,0.0,0.0,0.0,0.0,0.0,0.0,0.0,0.0,0.0,0.0,0.1,0.0,0.0,0.0,0.0,0.0,,Gammaproteobacteria
c1ee0c7bd2a5652c66779004eebac27c,0.0,0.0,0.0,0.0,0.0,0.0,0.0,0.0,0.0,0.0,0.0,0.1,0.0,0.0,0.0,0.0,0.0,,Gammaproteobacteria
aa8553ebd7e5dcc37bd9437e0cbe425e,0.1,0.0,0.0,0.0,0.0,0.0,0.0,0.0,0.0,0.0,0.0,0.0,0.0,0.0,0.0,0.0,0.0,,Gammaproteobacteria
d41f6177db9a23f2c043d85c86823523,0.05,0.05,0.0,0.0,0.0,0.0,0.0,0.0,0.0,0.0,0.0,0.0,0.0,0.0,0.0,0.0,0.0,,Bacteroidota
90cd4ed839bc9a7b90f593d23ad175e8,0.0,0.0,0.0,0.0,0.0,0.0,0.0,0.0,0.0,0.1,0.0,0.0,0.0,0.0,0.0,0.0,0.0,,Bacteroidota
f5c1b0454aa31d567877d74dd786d3ba,0.0,0.0,0.0,0.0,0.0,0.0,0.0,0.0,0.025,0.075,0.0,0.0,0.0,0.0,0.0,0.0,0.0,,Bacteroidota
e906d71b828d6c2eaeb89ec0b71b8522,0.0,0.0,0.0,0.0,0.1,0.0,0.0,0.0,0.0,0.0,0.0,0.0,0.0,0.0,0.0,0.0,0.0,,Bacteroidota
8d987e5b7ae8b6da38ce5a4c22121b3e,0.075,0.025,0.0,0.0,0.0,0.0,0.0,0.0,0.0,0.0,0.0,0.0,0.0,0.0,0.0,0.0,0.0,,Bacteroidota
194c1159c2f83a611f2fd4ff6e88d3d2,0.0,0.0,0.0,0.0,0.0,0.0,0.1,0.0,0.0,0.0,0.0,0.0,0.0,0.0,0.0,0.0,0.0,,Bacteroidota
a35b2549d34e0cf52f2ff3b76fa35cf8,0.0,0.0,0.0,0.0,0.0,0.0,0.0,0.0,0.1,0.0,0.0,0.0,0.0,0.0,0.0,0.0,0.0,,Bacteroidota
c6fb5263d12a241ac755cdf27df9f9a2,0.0,0.1,0.0,0.0,0.0,0.0,0.0,0.0,0.0,0.0,0.0,0.0,0.0,0.0,0.0,0.0,0.0,,Bacteroidota
da4e489e3b71d1b9b24db9ccb93371e9,0.0,0.0,0.0,0.0,0.0,0.0,0.0,0.1,0.0,0.0,0.0,0.0,0.0,0.0,0.0,0.0,0.0,,Other
0a55cf6879d916c50c1df617ff5a436a,0.0,0.0,0.0,0.0,0.0,0.0,0.0,0.1,0.0,0.0,0.0,0.0,0.0,0.0,0.0,0.0,0.0,,Verrucomicrobiota
45655760a4620854ce13238384240abe,0.0,0.0,0.0,0.0,0.1,0.0,0.0,0.0,0.0,0.0,0.0,0.0,0.0,0.0,0.0,0.0,0.0,,Other
396caae51c8f5b68846676103c3bb450,0.0,0.0,0.0,0.0,0.0,0.0,0.1,0.0,0.0,0.0,0.0,0.0,0.0,0.0,0.0,0.0,0.0,,Other
19f9f30d5492ed1f3f968da3d20389b1,0.0,0.0,0.0,0.0,0.0,0.0,0.0,0.0,0.1,0.0,0.0,0.0,0.0,0.0,0.0,0.0,0.0,,Other
58fa394398365fc5b1b1c595c5f74a0a,0.0,0.0,0.0,0.075,0.0,0.0,0.0,0.0,0.0,0.0,0.0,0.025,0.0,0.0,0.0,0.0,0.0,,Other
3c3861c581adf9b8a8cf01f20fdbaf2c,0.0,0.025,0.0,0.0,0.0,0.05,0.0,0.0,0.0,0.0,0.0,0.0,0.025,0.0,0.0,0.0,0.0,,Other
418a2b59699a7eda352ca210814e0086,0.0,0.0,0.0,0.0,0.1,0.0,0.0,0.0,0.0,0.0,0.0,0.0,0.0,0.0,0.0,0.0,0.0,,Verrucomicrobiota
6743d86267388e74225887defac3e471,0.1,0.0,0.0,0.0,0.0,0.0,0.0,0.0,0.0,0.0,0.0,0.0,0.0,0.0,0.0,0.0,0.0,,Verrucomicrobiota
b135fbde5a9c861d458a21258afbda94,0.05,0.0,0.0,0.0,0.0,0.0,0.0,0.0,0.0,0.0,0.05,0.0,0.0,0.0,0.0,0.0,0.0,,Other
c2c77b8e88e01012f801f28aa18bc08c,0.0,0.0,0.0,0.075,0.0,0.0,0.025,0.0,0.0,0.0,0.0,0.0,0.0,0.0,0.0,0.0,0.0,,Other
68bcd8805e49c819041cec620e13805f,0.0,0.0,0.0,0.0,0.075,0.0,0.0,0.0,0.0,0.0,0.0,0.0,0.0,0.0,0.0,0.0,0.0,,Other
cd37e3b7102cf737f4e3715bfa2767b5,0.0,0.0,0.0,0.0,0.0,0.0,0.0,0.075,0.0,0.0,0.0,0.0,0.0,0.0,0.0,0.0,0.0,,Other
09e941a637a7c8284e4e84853cf5b804,0.0,0.0,0.0,0.0,0.075,0.0,0.0,0.0,0.0,0.0,0.0,0.0,0.0,0.0,0.0,0.0,0.0,,Other
74757d3b4b6f7324b55d4873d1c2c43b,0.075,0.0,0.0,0.0,0.0,0.0,0.0,0.0,0.0,0.0,0.0,0.0,0.0,0.0,0.0,0.0,0.0,,Other
51b17b26ba159cede861e432262f0e8c,0.0,0.0,0.0,0.0,0.0,0.0,0.05,0.0,0.025,0.0,0.0,0.0,0.0,0.0,0.0,0.0,0.0,,Other
b5da70304926e3dcc581fce312054d02,0.025,0.0,0.0,0.0,0.0,0.0,0.0,0.0,0.0,0.05,0.0,0.0,0.0,0.0,0.0,0.0,0.0,,Other
1b03d86a9059ed4cc9dd84b659d785dc,0.025,0.0,0.0,0.0,0.0,0.0,0.0,0.0,0.0,0.0,0.0,0.0,0.0,0.0,0.05,0.0,0.0,,Other
93c9e1a5ad3c61e3b62277645edff0dc,0.0,0.0,0.0,0.0,0.0,0.0,0.0,0.0,0.0,0.0,0.075,0.0,0.0,0.0,0.0,0.0,0.0,,Other
3dfa8df2687d92ac8b25a5b1b107b1f0,0.075,0.0,0.0,0.0,0.0,0.0,0.0,0.0,0.0,0.0,0.0,0.0,0.0,0.0,0.0,0.0,0.0,,Cyanobacteria
f73a514dc412befd0f1e0a42e7e3e476,0.0,0.0,0.0,0.0,0.075,0.0,0.0,0.0,0.0,0.0,0.0,0.0,0.0,0.0,0.0,0.0,0.0,,Other
eec38684d93d85cbcb4767d988c263d6,0.0,0.0,0.0,0.0,0.0,0.0,0.0,0.075,0.0,0.0,0.0,0.0,0.0,0.0,0.0,0.0,0.0,,Other
a22f45b8a52fe5eaabfaa608c9a99c23,0.0,0.0,0.0,0.0,0.0,0.0,0.0,0.0,0.0,0.0,0.0,0.075,0.0,0.0,0.0,0.0,0.0,,Other
bc4afe0a46c7f6403634997e40a1e7ff,0.0,0.025,0.0,0.0,0.0,0.0,0.0,0.0,0.0,0.0,0.05,0.0,0.0,0.0,0.0,0.0,0.0,,Other
6836b2caf6a0afb621e0c28629cdc889,0.025,0.0,0.0,0.0,0.0,0.0,0.0,0.0,0.0,0.0,0.0,0.05,0.0,0.0,0.0,0.0,0.0,,Other
3a254346bd1991847b7272974a518925,0.0,0.0,0.0,0.0,0.0,0.0,0.0,0.075,0.0,0.0,0.0,0.0,0.0,0.0,0.0,0.0,0.0,,Other
09b3ae637e15bbfc9f967f2628d0c1e5,0.0,0.0,0.0,0.0,0.0,0.0,0.0,0.0,0.075,0.0,0.0,0.0,0.0,0.0,0.0,0.0,0.0,,Other
60b7dd5e56c47ea36bbaf6233022f67f,0.025,0.0,0.0,0.0,0.0,0.0,0.0,0.05,0.0,0.0,0.0,0.0,0.0,0.0,0.0,0.0,0.0,,Other
659604678972b48a218d5707eb070e10,0.0,0.0,0.0,0.0,0.0,0.0,0.0,0.0,0.075,0.0,0.0,0.0,0.0,0.0,0.0,0.0,0.0,,Other
8f467a1986706d227431021c258caaf9,0.0,0.0,0.0,0.0,0.0,0.0,0.0,0.0,0.0,0.0,0.0,0.0,0.0,0.0,0.0,0.0,0.075,,Other
9162a2a370b1432378e0b00b408d8200,0.0,0.0,0.0,0.0,0.0,0.0,0.0,0.0,0.0,0.0,0.0,0.0,0.0,0.0,0.075,0.0,0.0,,Other
3dfd1941c2b01116a2f0c14d277b7312,0.0,0.0,0.0,0.0,0.0,0.0,0.0,0.0,0.0,0.0,0.0,0.0,0.0,0.0,0.0,0.075,0.0,,Alphaproteobacteria
e390c9c0c3358a0d0b8f272821e949ea,0.0,0.0,0.0,0.0,0.0,0.0,0.0,0.05,0.0,0.025,0.0,0.0,0.0,0.0,0.0,0.0,0.0,,Alphaproteobacteria
79029fa983ec4eda60117a273a52cfc0,0.0,0.0,0.0,0.0,0.0,0.0,0.0,0.0,0.0,0.0,0.075,0.0,0.0,0.0,0.0,0.0,0.0,,Alphaproteobacteria
adfd3db87ce80da9d36b211966adb791,0.0,0.0,0.0,0.0,0.0,0.0,0.0,0.075,0.0,0.0,0.0,0.0,0.0,0.0,0.0,0.0,0.0,,Alphaproteobacteria
1f58f5c15ca292b75ca63ce317b1b712,0.0,0.0,0.0,0.075,0.0,0.0,0.0,0.0,0.0,0.0,0.0,0.0,0.0,0.0,0.0,0.0,0.0,,Alphaproteobacteria
1ee88facc918c8c716f8e55e61ec4376,0.0,0.0,0.075,0.0,0.0,0.0,0.0,0.0,0.0,0.0,0.0,0.0,0.0,0.0,0.0,0.0,0.0,,Other
6e837d54e5346d9e165431ee0929aae0,0.0,0.0,0.0,0.0,0.0,0.0,0.0,0.0,0.0,0.075,0.0,0.0,0.0,0.0,0.0,0.0,0.0,,Gammaproteobacteria
095dcca0a1cacb655451100eb59c8ef1,0.0,0.0,0.0,0.0,0.0,0.0,0.075,0.0,0.0,0.0,0.0,0.0,0.0,0.0,0.0,0.0,0.0,,Gammaproteobacteria
f92b97926565d3534540356ddcb37cb2,0.0,0.0,0.0,0.0,0.075,0.0,0.0,0.0,0.0,0.0,0.0,0.0,0.0,0.0,0.0,0.0,0.0,,Gammaproteobacteria
5e11e756775e843887cee96f3698bc82,0.0,0.0,0.0,0.0,0.0,0.0,0.075,0.0,0.0,0.0,0.0,0.0,0.0,0.0,0.0,0.0,0.0,,Other
a43104dcee2048ad98d8586967a4dbaa,0.0,0.0,0.0,0.0,0.0,0.0,0.0,0.0,0.0,0.075,0.0,0.0,0.0,0.0,0.0,0.0,0.0,,Bacteroidota
26b36ce178d7077c96a62de9701f7c3a,0.0,0.0,0.0,0.0,0.0,0.0,0.0,0.075,0.0,0.0,0.0,0.0,0.0,0.0,0.0,0.0,0.0,,Bacteroidota
d8fcbd135a0870e607b56512eef35bc4,0.05,0.0,0.0,0.0,0.0,0.0,0.0,0.0,0.025,0.0,0.0,0.0,0.0,0.0,0.0,0.0,0.0,,Bacteroidota
a32daa4936c79787dec61336516e0014,0.0,0.0,0.0,0.0,0.0,0.0,0.0,0.0,0.0,0.0,0.0,0.075,0.0,0.0,0.0,0.0,0.0,,Bacteroidota
768d126c1ae3ff037bd3678cdcc0335e,0.0,0.0,0.0,0.0,0.0,0.05,0.0,0.0,0.025,0.0,0.0,0.0,0.0,0.0,0.0,0.0,0.0,,Bacteroidota
07892ea8d4444d9f9e5507213fc13d4f,0.025,0.0,0.0,0.0,0.0,0.0,0.0,0.05,0.0,0.0,0.0,0.0,0.0,0.0,0.0,0.0,0.0,,Bacteroidota
45b1b0698d69b97c0f1a04216203ea14,0.075,0.0,0.0,0.0,0.0,0.0,0.0,0.0,0.0,0.0,0.0,0.0,0.0,0.0,0.0,0.0,0.0,,Bacteroidota
10aa3fe0c9285b3a9bb386ecca984c5b,0.0,0.0,0.0,0.0,0.0,0.0,0.0,0.0,0.0,0.0,0.0,0.0,0.0,0.075,0.0,0.0,0.0,,Bacteroidota
0090b6c69e484667f923767fe7babd21,0.0,0.075,0.0,0.0,0.0,0.0,0.0,0.0,0.0,0.0,0.0,0.0,0.0,0.0,0.0,0.0,0.0,,Bacteroidota
07d5b414e682831def7740ff3b0f4e05,0.0,0.0,0.0,0.0,0.0,0.0,0.0,0.0,0.0,0.0,0.0,0.075,0.0,0.0,0.0,0.0,0.0,,Bacteroidota
79c9235ff041fe76f6dc89a18c5a222a,0.0,0.0,0.0,0.0,0.0,0.0,0.0,0.0,0.025,0.0,0.05,0.0,0.0,0.0,0.0,0.0,0.0,,Bacteroidota
67aa187e7915900cc6979df994fc867c,0.05,0.0,0.0,0.0,0.0,0.0,0.0,0.0,0.025,0.0,0.0,0.0,0.0,0.0,0.0,0.0,0.0,,Bacteroidota
8702cb67ad5c802363238c946f1792e2,0.0,0.0,0.0,0.0,0.0,0.0,0.0,0.05,0.0,0.0,0.0,0.025,0.0,0.0,0.0,0.0,0.0,,Bacteroidota
c13d6c2cadba7bd98e1d6982c38cc2e2,0.0,0.0,0.0,0.0,0.0,0.0,0.0,0.0,0.0,0.0,0.075,0.0,0.0,0.0,0.0,0.0,0.0,,Bacteroidota
61b1eff5cdde863a62313a23a2163d9d,0.0,0.0,0.0,0.0,0.0,0.0,0.0,0.05,0.0,0.0,0.0,0.025,0.0,0.0,0.0,0.0,0.0,,Bacteroidota
772ccec897aa13ca7458f659e3a6470c,0.0,0.0,0.0,0.0,0.0,0.0,0.0,0.0,0.075,0.0,0.0,0.0,0.0,0.0,0.0,0.0,0.0,,Bacteroidota
f4dfcc1055f7e4e1ca4860e2363c3424,0.0,0.0,0.0,0.0,0.0,0.0,0.025,0.05,0.0,0.0,0.0,0.0,0.0,0.0,0.0,0.0,0.0,,Bacteroidota
eed757da9e4cc61c013751ecb940155f,0.05,0.0,0.0,0.0,0.0,0.0,0.0,0.0,0.0,0.0,0.0,0.025,0.0,0.0,0.0,0.0,0.0,,Bacteroidota
6b9141106e764b5efbfa24fdb03b8b79,0.075,0.0,0.0,0.0,0.0,0.0,0.0,0.0,0.0,0.0,0.0,0.0,0.0,0.0,0.0,0.0,0.0,,Bacteroidota
ae608dccffcb0690c6625b4025e3e829,0.0,0.0,0.0,0.0,0.0,0.0,0.0,0.0,0.0,0.0,0.075,0.0,0.0,0.0,0.0,0.0,0.0,,Other
e7e0b9ffabbd2fdde7cd60b2f9ec13b0,0.0,0.0,0.0,0.0,0.0,0.0,0.0,0.0,0.0,0.0,0.075,0.0,0.0,0.0,0.0,0.0,0.0,,Other
8086224289d38e07f3f591f75ee8d577,0.025,0.0,0.0,0.0,0.0,0.0,0.0,0.0,0.0,0.0,0.0,0.05,0.0,0.0,0.0,0.0,0.0,,Other
b5404235792bb1ca0d7a6f2fa0c7fa82,0.0,0.0,0.075,0.0,0.0,0.0,0.0,0.0,0.0,0.0,0.0,0.0,0.0,0.0,0.0,0.0,0.0,,Other
59dcf7ec9c94e2bbc2cd71132baa2f2b,0.0,0.0,0.0,0.0,0.0,0.0,0.0,0.075,0.0,0.0,0.0,0.0,0.0,0.0,0.0,0.0,0.0,,Other
c9160dc1dad895f710f58c2cfbabbafd,0.0,0.0,0.0,0.0,0.0,0.0,0.0,0.075,0.0,0.0,0.0,0.0,0.0,0.0,0.0,0.0,0.0,,Other
fd1ee0b067e90f09846e374fa37cc262,0.0,0.0,0.0,0.0,0.0,0.0,0.0,0.0,0.075,0.0,0.0,0.0,0.0,0.0,0.0,0.0,0.0,,Other
68d4cd5cb30fe81b0ba79de79bb49fe3,0.0,0.0,0.0,0.0,0.0,0.0,0.0,0.0,0.075,0.0,0.0,0.0,0.0,0.0,0.0,0.0,0.0,,Other
483e20e68bd99b5c15cd9bfc6c6e13dd,0.0,0.0,0.0,0.0,0.075,0.0,0.0,0.0,0.0,0.0,0.0,0.0,0.0,0.0,0.0,0.0,0.0,,Other
914bd69bb72956f1874dcd80eeacc103,0.0,0.0,0.0,0.0,0.0,0.0,0.0,0.0,0.075,0.0,0.0,0.0,0.0,0.0,0.0,0.0,0.0,,Other
bceddcb31e058b7d9397066a7ff405e6,0.0,0.0,0.0,0.0,0.0,0.0,0.0,0.075,0.0,0.0,0.0,0.0,0.0,0.0,0.0,0.0,0.0,,Other
8f813280e8cc1c972cdf97b409fa6840,0.0,0.0,0.0,0.0,0.0,0.0,0.0,0.0,0.0,0.0,0.0,0.075,0.0,0.0,0.0,0.0,0.0,,Verrucomicrobiota
698d3fa0dde541f644e570eb403563f6,0.0,0.0,0.0,0.0,0.0,0.0,0.0,0.025,0.0,0.05,0.0,0.0,0.0,0.0,0.0,0.0,0.0,,Verrucomicrobiota
f3357a0594408ba63d9ed4475a58cb5c,0.0,0.0,0.0,0.0,0.0,0.0,0.075,0.0,0.0,0.0,0.0,0.0,0.0,0.0,0.0,0.0,0.0,,Verrucomicrobiota
cb482446f0df366b3a9fcfed56fe2c2c,0.0,0.0,0.0,0.0,0.0,0.0,0.0,0.0,0.0,0.0,0.075,0.0,0.0,0.0,0.0,0.0,0.0,,Verrucomicrobiota
3b1097b7d667177f980eb5b947f1f7ad,0.0,0.0,0.0,0.0,0.0,0.0,0.0,0.075,0.0,0.0,0.0,0.0,0.0,0.0,0.0,0.0,0.0,,Verrucomicrobiota
198fe54f097928b335fbff8c1d6209d9,0.0,0.0,0.0,0.0,0.0,0.0,0.0,0.075,0.0,0.0,0.0,0.0,0.0,0.0,0.0,0.0,0.0,,Other
283b3d3e431441fb0c3c35eeb14b444e,0.0,0.0,0.075,0.0,0.0,0.0,0.0,0.0,0.0,0.0,0.0,0.0,0.0,0.0,0.0,0.0,0.0,,Other
cdcc3afd3d944a689480601359e3c039,0.0,0.075,0.0,0.0,0.0,0.0,0.0,0.0,0.0,0.0,0.0,0.0,0.0,0.0,0.0,0.0,0.0,,Verrucomicrobiota
7ef5c30a4b97417bc8bee8d2fd5e75fd,0.05,0.0,0.0,0.0,0.0,0.0,0.0,0.0,0.0,0.0,0.0,0.0,0.0,0.0,0.0,0.0,0.0,,Other
aecdf2c7b0c2b04c34ef25bd047e4526,0.0,0.0,0.0,0.0,0.05,0.0,0.0,0.0,0.0,0.0,0.0,0.0,0.0,0.0,0.0,0.0,0.0,,Other
34cc7bfa46cf88cd6bc68800a7420c1a,0.05,0.0,0.0,0.0,0.0,0.0,0.0,0.0,0.0,0.0,0.0,0.0,0.0,0.0,0.0,0.0,0.0,,Other
d75e413ed67d214101719309ae108092,0.0,0.0,0.0,0.0,0.0,0.0,0.0,0.0,0.0,0.0,0.0,0.05,0.0,0.0,0.0,0.0,0.0,,Other
46fb6c61bd3da2ee1f0f902e3c3ed855,0.05,0.0,0.0,0.0,0.0,0.0,0.0,0.0,0.0,0.0,0.0,0.0,0.0,0.0,0.0,0.0,0.0,,Other
264dab11766c188cdbdb62a233fa738f,0.0,0.0,0.0,0.0,0.0,0.0,0.0,0.0,0.0,0.0,0.0,0.0,0.05,0.0,0.0,0.0,0.0,,Other
f6993beabadbc2d48cde2242c9c0ee72,0.0,0.0,0.0,0.0,0.0,0.0,0.0,0.0,0.0,0.05,0.0,0.0,0.0,0.0,0.0,0.0,0.0,,Other
7cc39c0c300f2294afb962e5a1f01b7f,0.0,0.0,0.0,0.0,0.0,0.0,0.0,0.05,0.0,0.0,0.0,0.0,0.0,0.0,0.0,0.0,0.0,,Other
26afc91fa6959793953f6ea36e75f865,0.0,0.0,0.0,0.0,0.0,0.0,0.0,0.05,0.0,0.0,0.0,0.0,0.0,0.0,0.0,0.0,0.0,,Other
532891f62eb8f52c690f9263c9fb80d3,0.0,0.0,0.0,0.0,0.0,0.0,0.0,0.0,0.0,0.0,0.0,0.05,0.0,0.0,0.0,0.0,0.0,,Other
c6a1abf2288f0af3d37bf4015c4153c0,0.0,0.0,0.0,0.0,0.0,0.0,0.0,0.0,0.0,0.0,0.0,0.0,0.0,0.0,0.0,0.05,0.0,,Other
7f1bb70a3860d2bb0d2f3ab92c6341a3,0.0,0.05,0.0,0.0,0.0,0.0,0.0,0.0,0.0,0.0,0.0,0.0,0.0,0.0,0.0,0.0,0.0,,Other
dfc6c41fc8f0213cef97dc49b1d21daa,0.0,0.0,0.0,0.0,0.0,0.0,0.0,0.0,0.0,0.0,0.0,0.05,0.0,0.0,0.0,0.0,0.0,,Other
a8fc0190242a0c08b4cab426bedd08e7,0.0,0.0,0.0,0.0,0.0,0.0,0.0,0.0,0.0,0.0,0.0,0.0,0.0,0.05,0.0,0.0,0.0,,Other
268188c6e7bbc5bc6398f12c4405cdbd,0.0,0.0,0.0,0.0,0.0,0.0,0.05,0.0,0.0,0.0,0.0,0.0,0.0,0.0,0.0,0.0,0.0,,Other
c2d8e951da82b317976fd2e36a66211c,0.0,0.0,0.0,0.0,0.0,0.0,0.0,0.05,0.0,0.0,0.0,0.0,0.0,0.0,0.0,0.0,0.0,,Other
7492ebde5366de62c71626c385ee7284,0.0,0.0,0.0,0.05,0.0,0.0,0.0,0.0,0.0,0.0,0.0,0.0,0.0,0.0,0.0,0.0,0.0,,Other
f872c03e9e783fe938a03ae69d093916,0.0,0.0,0.0,0.05,0.0,0.0,0.0,0.0,0.0,0.0,0.0,0.0,0.0,0.0,0.0,0.0,0.0,,Other
647b46bc5fa0fadf81008c9a121c2dd2,0.0,0.0,0.0,0.0,0.0,0.0,0.0,0.0,0.0,0.0,0.0,0.0,0.0,0.0,0.0,0.05,0.0,,Other
40a5c8768a1675dee967a388817bc1c7,0.0,0.0,0.0,0.05,0.0,0.0,0.0,0.0,0.0,0.0,0.0,0.0,0.0,0.0,0.0,0.0,0.0,,Other
dd33e5ccad733c1fba09fc342341bd6b,0.0,0.025,0.0,0.0,0.0,0.0,0.0,0.0,0.0,0.0,0.0,0.025,0.0,0.0,0.0,0.0,0.0,,Other
761e2af683301b359aaae563e8eec4e0,0.0,0.05,0.0,0.0,0.0,0.0,0.0,0.0,0.0,0.0,0.0,0.0,0.0,0.0,0.0,0.0,0.0,,Cyanobacteria
a16ab965f2a8f07cc6ee10b718720789,0.05,0.0,0.0,0.0,0.0,0.0,0.0,0.0,0.0,0.0,0.0,0.0,0.0,0.0,0.0,0.0,0.0,,Cyanobacteria
ee705bbea43c68a47a9c2ba41efa2067,0.05,0.0,0.0,0.0,0.0,0.0,0.0,0.0,0.0,0.0,0.0,0.0,0.0,0.0,0.0,0.0,0.0,,Other
294c12d6881a2ed67aa1557cda9889ff,0.0,0.0,0.0,0.0,0.0,0.0,0.0,0.0,0.0,0.0,0.0,0.05,0.0,0.0,0.0,0.0,0.0,,Other
13611c820c87106ea4928bf94b887001,0.0,0.0,0.0,0.0,0.0,0.0,0.0,0.0,0.05,0.0,0.0,0.0,0.0,0.0,0.0,0.0,0.0,,Other
468dc5534c50832cd6741b32821615a8,0.0,0.0,0.0,0.0,0.0,0.0,0.05,0.0,0.0,0.0,0.0,0.0,0.0,0.0,0.0,0.0,0.0,,Other
f64e8d958cdcb057a6580e60f7ac5a48,0.0,0.0,0.0,0.0,0.0,0.0,0.0,0.0,0.0,0.0,0.05,0.0,0.0,0.0,0.0,0.0,0.0,,Other
b940a737dc5f3d478513a8c79b1b97b9,0.0,0.0,0.0,0.0,0.0,0.0,0.0,0.0,0.0,0.0,0.0,0.05,0.0,0.0,0.0,0.0,0.0,,Other
efc0c2b2d4a54f3521fbf26ce1ea5744,0.0,0.0,0.0,0.0,0.0,0.0,0.0,0.0,0.0,0.05,0.0,0.0,0.0,0.0,0.0,0.0,0.0,,Other
05caaa47d22f303c86adf9c39cefcb09,0.0,0.0,0.0,0.0,0.0,0.0,0.0,0.0,0.0,0.0,0.0,0.0,0.0,0.05,0.0,0.0,0.0,,Other
28c27cab84f596d9b11f7465688fbca9,0.0,0.0,0.0,0.0,0.0,0.0,0.0,0.05,0.0,0.0,0.0,0.0,0.0,0.0,0.0,0.0,0.0,,Other
436019fbe881f0393e69a64d44865997,0.0,0.0,0.0,0.05,0.0,0.0,0.0,0.0,0.0,0.0,0.0,0.0,0.0,0.0,0.0,0.0,0.0,,Other
e3f12854c3e9aa1ccf25b5022316be45,0.0,0.0,0.0,0.0,0.0,0.0,0.0,0.0,0.05,0.0,0.0,0.0,0.0,0.0,0.0,0.0,0.0,,Other
f92f984472f5f047a89025572d777c1b,0.0,0.0,0.0,0.0,0.0,0.0,0.0,0.0,0.05,0.0,0.0,0.0,0.0,0.0,0.0,0.0,0.0,,Other
8faf6916875b4a3437a6a10881d85cbe,0.0,0.0,0.0,0.0,0.0,0.025,0.0,0.0,0.0,0.0,0.0,0.0,0.0,0.0,0.0,0.025,0.0,,Other
684006577d1f98f511a9178fa8d4d0e4,0.0,0.0,0.0,0.0,0.0,0.0,0.0,0.05,0.0,0.0,0.0,0.0,0.0,0.0,0.0,0.0,0.0,,Actinobacteriota
5b2655bcc463027d74c3eac25ee2a1d0,0.0,0.0,0.0,0.0,0.0,0.0,0.05,0.0,0.0,0.0,0.0,0.0,0.0,0.0,0.0,0.0,0.0,,Other
b2a2f91533cc65e9c0a116fcbaa6a0cb,0.0,0.0,0.0,0.0,0.0,0.0,0.0,0.05,0.0,0.0,0.0,0.0,0.0,0.0,0.0,0.0,0.0,,Other
85e3511357d5575587f8c8ad46c64d93,0.0,0.0,0.0,0.0,0.0,0.0,0.0,0.0,0.0,0.025,0.0,0.025,0.0,0.0,0.0,0.0,0.0,,Other
a9cdace376f468b22ea7bac7de7e029c,0.0,0.0,0.0,0.0,0.0,0.0,0.0,0.05,0.0,0.0,0.0,0.0,0.0,0.0,0.0,0.0,0.0,,Other
8e1161b45335e125da5a572c1b2cea64,0.05,0.0,0.0,0.0,0.0,0.0,0.0,0.0,0.0,0.0,0.0,0.0,0.0,0.0,0.0,0.0,0.0,,Other
9582615945663e8fb805e031c9533ede,0.0,0.0,0.0,0.0,0.0,0.0,0.0,0.0,0.05,0.0,0.0,0.0,0.0,0.0,0.0,0.0,0.0,,Other
2cf5ac9f1d703eb67cc4c542ed777514,0.05,0.0,0.0,0.0,0.0,0.0,0.0,0.0,0.0,0.0,0.0,0.0,0.0,0.0,0.0,0.0,0.0,,Other
9d974aa1aac1ea7c3ef8462df2cfc09e,0.0,0.0,0.0,0.0,0.0,0.0,0.0,0.0,0.0,0.0,0.0,0.05,0.0,0.0,0.0,0.0,0.0,,Other
312462f6e0e039fc1886915e60053f38,0.0,0.0,0.0,0.0,0.0,0.0,0.0,0.0,0.0,0.0,0.05,0.0,0.0,0.0,0.0,0.0,0.0,,Other
68722be9be0b6a75fd08ab3fcced5247,0.0,0.0,0.0,0.05,0.0,0.0,0.0,0.0,0.0,0.0,0.0,0.0,0.0,0.0,0.0,0.0,0.0,,Other
957f2e1f0a943e3be69fa1bb63eaa153,0.0,0.0,0.0,0.0,0.0,0.0,0.0,0.0,0.0,0.0,0.0,0.05,0.0,0.0,0.0,0.0,0.0,,Other
e307c2c4e97c99077dff18a8c85de57b,0.0,0.0,0.0,0.0,0.0,0.0,0.0,0.0,0.0,0.05,0.0,0.0,0.0,0.0,0.0,0.0,0.0,,Other
4f6ed6c83f8924168830a34415d7c68b,0.0,0.0,0.0,0.0,0.0,0.0,0.05,0.0,0.0,0.0,0.0,0.0,0.0,0.0,0.0,0.0,0.0,,Alphaproteobacteria
90fbad6590399cf67234394f0a492f9e,0.0,0.0,0.0,0.0,0.0,0.0,0.0,0.0,0.0,0.0,0.0,0.05,0.0,0.0,0.0,0.0,0.0,,Alphaproteobacteria
28878dc7f26fb8db776c59afbdef67c5,0.0,0.0,0.0,0.0,0.0,0.0,0.0,0.0,0.05,0.0,0.0,0.0,0.0,0.0,0.0,0.0,0.0,,Alphaproteobacteria
f31d16db4d812212a62597650028a714,0.0,0.0,0.0,0.0,0.0,0.0,0.0,0.0,0.0,0.0,0.0,0.05,0.0,0.0,0.0,0.0,0.0,,Alphaproteobacteria
7248b9bd77f755f006d7e1d346397ad7,0.0,0.0,0.0,0.0,0.0,0.0,0.0,0.0,0.0,0.0,0.0,0.05,0.0,0.0,0.0,0.0,0.0,,Alphaproteobacteria
fb39f72b3141bcfc07b8d7482808df61,0.05,0.0,0.0,0.0,0.0,0.0,0.0,0.0,0.0,0.0,0.0,0.0,0.0,0.0,0.0,0.0,0.0,,Alphaproteobacteria
e58635da024cba851c640eb384bc8fad,0.0,0.0,0.0,0.0,0.05,0.0,0.0,0.0,0.0,0.0,0.0,0.0,0.0,0.0,0.0,0.0,0.0,,Alphaproteobacteria
1c2b8892a0d7f828d72808cd01cfd199,0.0,0.0,0.0,0.0,0.0,0.0,0.0,0.0,0.05,0.0,0.0,0.0,0.0,0.0,0.0,0.0,0.0,,Alphaproteobacteria
9e6c74996690d3c5e03f3c1ab168a2b9,0.0,0.0,0.0,0.0,0.0,0.0,0.0,0.0,0.0,0.05,0.0,0.0,0.0,0.0,0.0,0.0,0.0,,Alphaproteobacteria
08e95f8aadda45f7fa04b997b0579b10,0.0,0.0,0.0,0.0,0.0,0.0,0.0,0.0,0.05,0.0,0.0,0.0,0.0,0.0,0.0,0.0,0.0,,Alphaproteobacteria
4560358eb7673f71ba33ac0591d4ccf1,0.0,0.0,0.0,0.0,0.0,0.0,0.0,0.0,0.0,0.0,0.0,0.0,0.05,0.0,0.0,0.0,0.0,,Other
c6aeb184656553cd64600e29829574b6,0.0,0.0,0.0,0.0,0.0,0.0,0.0,0.0,0.0,0.05,0.0,0.0,0.0,0.0,0.0,0.0,0.0,,Other
feda3b5a863c813509f2d4ef708536d3,0.05,0.0,0.0,0.0,0.0,0.0,0.0,0.0,0.0,0.0,0.0,0.0,0.0,0.0,0.0,0.0,0.0,,Alphaproteobacteria
d6fa1f6cc8d311c8bd7e662f8f427806,0.05,0.0,0.0,0.0,0.0,0.0,0.0,0.0,0.0,0.0,0.0,0.0,0.0,0.0,0.0,0.0,0.0,,Alphaproteobacteria
f7265a7bcfa4c198b470eff433eae809,0.0,0.0,0.0,0.0,0.0,0.0,0.0,0.0,0.05,0.0,0.0,0.0,0.0,0.0,0.0,0.0,0.0,,Alphaproteobacteria
4c455f98d7d49aef24cad61ee04d41a8,0.0,0.0,0.0,0.0,0.0,0.0,0.0,0.0,0.0,0.0,0.0,0.0,0.0,0.0,0.0,0.05,0.0,,Alphaproteobacteria
b889ed1ea272958cf0709e2f7a7db3ad,0.0,0.0,0.0,0.0,0.0,0.0,0.0,0.0,0.0,0.0,0.05,0.0,0.0,0.0,0.0,0.0,0.0,,Alphaproteobacteria
ba5fe55bad66634c698f78fe021af9d4,0.0,0.0,0.0,0.0,0.0,0.0,0.0,0.0,0.0,0.05,0.0,0.0,0.0,0.0,0.0,0.0,0.0,,Other
a37e2ae258b843db9b0cc4c9a4fbdedd,0.025,0.025,0.0,0.0,0.0,0.0,0.0,0.0,0.0,0.0,0.0,0.0,0.0,0.0,0.0,0.0,0.0,,Other
77528e8e3ba134308f68ec6e4c024f94,0.0,0.0,0.0,0.0,0.0,0.0,0.0,0.0,0.0,0.0,0.0,0.05,0.0,0.0,0.0,0.0,0.0,,Gammaproteobacteria
0f34910f37338a141d04e12b11a5c835,0.0,0.0,0.0,0.0,0.0,0.0,0.0,0.05,0.0,0.0,0.0,0.0,0.0,0.0,0.0,0.0,0.0,,Gammaproteobacteria
0518e21e2e362fd0ecbfe97e1971604d,0.0,0.0,0.0,0.0,0.0,0.0,0.0,0.0,0.0,0.0,0.0,0.05,0.0,0.0,0.0,0.0,0.0,,Gammaproteobacteria
adf8882d5fd60155f03f9a52e900d32d,0.0,0.025,0.0,0.0,0.0,0.0,0.0,0.0,0.0,0.0,0.0,0.0,0.0,0.0,0.0,0.0,0.025,,Gammaproteobacteria
3174e71b68aa3f5a8c84598bc1d3823c,0.025,0.0,0.0,0.0,0.0,0.025,0.0,0.0,0.0,0.0,0.0,0.0,0.0,0.0,0.0,0.0,0.0,,Gammaproteobacteria
e9277980eb5c5f8dd783fd34cf9a8a8a,0.05,0.0,0.0,0.0,0.0,0.0,0.0,0.0,0.0,0.0,0.0,0.0,0.0,0.0,0.0,0.0,0.0,,Gammaproteobacteria
3310934bd7b38e0764b8e6e13c68aee0,0.0,0.0,0.0,0.0,0.0,0.0,0.0,0.0,0.0,0.0,0.0,0.0,0.0,0.05,0.0,0.0,0.0,,Gammaproteobacteria
ddaabd06670c314ac05b66698c9f59b9,0.0,0.0,0.05,0.0,0.0,0.0,0.0,0.0,0.0,0.0,0.0,0.0,0.0,0.0,0.0,0.0,0.0,,Gammaproteobacteria
f174710e39f2bc85585ff6abcca3bb8d,0.0,0.0,0.0,0.0,0.0,0.0,0.0,0.0,0.0,0.0,0.05,0.0,0.0,0.0,0.0,0.0,0.0,,Gammaproteobacteria
8d494b3443d4d1e32c7afe01207e80c0,0.0,0.0,0.0,0.0,0.0,0.0,0.0,0.0,0.0,0.025,0.025,0.0,0.0,0.0,0.0,0.0,0.0,,Gammaproteobacteria
4c27295d3e3d702dd9f57cc2885805a3,0.05,0.0,0.0,0.0,0.0,0.0,0.0,0.0,0.0,0.0,0.0,0.0,0.0,0.0,0.0,0.0,0.0,,Gammaproteobacteria
5c95ce99561d835d2777253a7b2185c0,0.0,0.0,0.0,0.0,0.0,0.0,0.0,0.0,0.0,0.05,0.0,0.0,0.0,0.0,0.0,0.0,0.0,,Gammaproteobacteria
1b9290cd00a6e0c8583431454ea9b0c6,0.025,0.0,0.0,0.0,0.0,0.0,0.0,0.0,0.0,0.0,0.025,0.0,0.0,0.0,0.0,0.0,0.0,,Other
732b608a5a32f5265c7f84a8e337f8c4,0.0,0.0,0.0,0.0,0.0,0.0,0.0,0.0,0.0,0.0,0.0,0.05,0.0,0.0,0.0,0.0,0.0,,Other
e8b842bca34212429a49f5ae971c54d0,0.0,0.0,0.0,0.0,0.0,0.0,0.05,0.0,0.0,0.0,0.0,0.0,0.0,0.0,0.0,0.0,0.0,,Other
f01b1545622876aa86b0825f80096283,0.0,0.0,0.0,0.0,0.0,0.0,0.0,0.0,0.0,0.05,0.0,0.0,0.0,0.0,0.0,0.0,0.0,,Bacteroidota
059a253e2dfed34d9fb94079a168aed4,0.0,0.0,0.0,0.0,0.0,0.0,0.0,0.0,0.0,0.05,0.0,0.0,0.0,0.0,0.0,0.0,0.0,,Bacteroidota
e5581220fe173ceaa6334b3efea7f16a,0.0,0.0,0.0,0.0,0.0,0.0,0.0,0.0,0.0,0.0,0.0,0.0,0.0,0.0,0.05,0.0,0.0,,Bacteroidota
f7f333dfbd598070147f2d71044066bc,0.0,0.0,0.0,0.0,0.0,0.0,0.0,0.0,0.0,0.0,0.0,0.05,0.0,0.0,0.0,0.0,0.0,,Bacteroidota
b4a92e1f0246230e7e39e7ba2eb97f81,0.0,0.0,0.0,0.0,0.0,0.0,0.05,0.0,0.0,0.0,0.0,0.0,0.0,0.0,0.0,0.0,0.0,,Bacteroidota
3db4a28ce2bd5314c9412f12033dcb52,0.0,0.0,0.0,0.0,0.05,0.0,0.0,0.0,0.0,0.0,0.0,0.0,0.0,0.0,0.0,0.0,0.0,,Bacteroidota
8035fff4b061bc999f13f68980efc883,0.05,0.0,0.0,0.0,0.0,0.0,0.0,0.0,0.0,0.0,0.0,0.0,0.0,0.0,0.0,0.0,0.0,,Bacteroidota
82111040033564e4025c866576f05fe4,0.0,0.0,0.0,0.0,0.0,0.0,0.0,0.0,0.0,0.05,0.0,0.0,0.0,0.0,0.0,0.0,0.0,,Bacteroidota
386ded3b082e270802555793ad86105e,0.0,0.0,0.0,0.05,0.0,0.0,0.0,0.0,0.0,0.0,0.0,0.0,0.0,0.0,0.0,0.0,0.0,,Bacteroidota
c80129c549f593a79139fb39321b12dc,0.0,0.0,0.0,0.0,0.0,0.0,0.0,0.0,0.025,0.0,0.0,0.025,0.0,0.0,0.0,0.0,0.0,,Bacteroidota
c00d760a011e958289d4874911fad7a3,0.0,0.0,0.0,0.0,0.0,0.0,0.0,0.0,0.0,0.0,0.0,0.05,0.0,0.0,0.0,0.0,0.0,,Bacteroidota
ed69b64a4b1814ef4240d4eb0bcd2886,0.0,0.0,0.05,0.0,0.0,0.0,0.0,0.0,0.0,0.0,0.0,0.0,0.0,0.0,0.0,0.0,0.0,,Bacteroidota
fb800d4d7cd0a8e0da07b414fcf21b8c,0.05,0.0,0.0,0.0,0.0,0.0,0.0,0.0,0.0,0.0,0.0,0.0,0.0,0.0,0.0,0.0,0.0,,Bacteroidota
4b8b9dd989858d1747939231855061c5,0.0,0.0,0.05,0.0,0.0,0.0,0.0,0.0,0.0,0.0,0.0,0.0,0.0,0.0,0.0,0.0,0.0,,Bacteroidota
fa314002f8f87caf3cdee94dee224ec0,0.0,0.0,0.0,0.0,0.0,0.0,0.0,0.0,0.0,0.0,0.0,0.05,0.0,0.0,0.0,0.0,0.0,,Verrucomicrobiota
5bd07ab71d11ec81695388a77bfbb4d3,0.025,0.0,0.0,0.0,0.0,0.0,0.0,0.025,0.0,0.0,0.0,0.0,0.0,0.0,0.0,0.0,0.0,,Other
5f0a05782df5f0cb188c3f0d33b3ee70,0.0,0.0,0.0,0.0,0.0,0.0,0.05,0.0,0.0,0.0,0.0,0.0,0.0,0.0,0.0,0.0,0.0,,Other
91e21bcbe4164a53c317c2de11acc757,0.0,0.0,0.0,0.0,0.0,0.0,0.05,0.0,0.0,0.0,0.0,0.0,0.0,0.0,0.0,0.0,0.0,,Other
17e46b9102726f578df73434a95ee6c5,0.0,0.0,0.0,0.0,0.0,0.0,0.0,0.0,0.05,0.0,0.0,0.0,0.0,0.0,0.0,0.0,0.0,,Other
c646ade11a5124c0a97bd0d40898adf6,0.0,0.0,0.0,0.0,0.0,0.0,0.0,0.05,0.0,0.0,0.0,0.0,0.0,0.0,0.0,0.0,0.0,,Other
29fb22bc2ce2d57aa5de17a3bb68f4fa,0.0,0.05,0.0,0.0,0.0,0.0,0.0,0.0,0.0,0.0,0.0,0.0,0.0,0.0,0.0,0.0,0.0,,Other
35fbecdacfd96eef8d3ddb3d9fd571c1,0.0,0.0,0.0,0.0,0.0,0.0,0.0,0.05,0.0,0.0,0.0,0.0,0.0,0.0,0.0,0.0,0.0,,Other
64af75de61ee5e2cd3a34505774f3c74,0.05,0.0,0.0,0.0,0.0,0.0,0.0,0.0,0.0,0.0,0.0,0.0,0.0,0.0,0.0,0.0,0.0,,Other
0144a761721583bb4acc1af57044d8ae,0.0,0.0,0.0,0.0,0.0,0.0,0.0,0.0,0.0,0.0,0.0,0.0,0.0,0.0,0.05,0.0,0.0,,Other
0f335dfcebc747ef4e51900fd20d5922,0.0,0.0,0.0,0.0,0.0,0.0,0.0,0.0,0.05,0.0,0.0,0.0,0.0,0.0,0.0,0.0,0.0,,Other
8ffe6e426a7fbb702c8f81a077c8b050,0.0,0.0,0.0,0.0,0.05,0.0,0.0,0.0,0.0,0.0,0.0,0.0,0.0,0.0,0.0,0.0,0.0,,Other
11194f310db186f457a89cc5c9c1c506,0.05,0.0,0.0,0.0,0.0,0.0,0.0,0.0,0.0,0.0,0.0,0.0,0.0,0.0,0.0,0.0,0.0,,Other
e6b4c3ea7f9670927b4f676146a5e0b1,0.0,0.0,0.0,0.0,0.0,0.05,0.0,0.0,0.0,0.0,0.0,0.0,0.0,0.0,0.0,0.0,0.0,,Other
48a7af65c55adc4dd66178efefb01ed9,0.0,0.0,0.0,0.0,0.0,0.0,0.0,0.0,0.05,0.0,0.0,0.0,0.0,0.0,0.0,0.0,0.0,,Other
074be7e43427d8ec744d1ec5af857122,0.0,0.0,0.0,0.0,0.0,0.0,0.0,0.0,0.0,0.0,0.05,0.0,0.0,0.0,0.0,0.0,0.0,,Other
1e96dfb861b10ebc8c4a706ccd850e3e,0.0,0.0,0.0,0.0,0.0,0.0,0.0,0.0,0.0,0.0,0.05,0.0,0.0,0.0,0.0,0.0,0.0,,Verrucomicrobiota
ca3a23e08569cf875944dac81527e3c4,0.0,0.0,0.0,0.0,0.0,0.0,0.0,0.05,0.0,0.0,0.0,0.0,0.0,0.0,0.0,0.0,0.0,,Verrucomicrobiota
d0216edbdb07ec2b2d8becf26467a165,0.05,0.0,0.0,0.0,0.0,0.0,0.0,0.0,0.0,0.0,0.0,0.0,0.0,0.0,0.0,0.0,0.0,,Verrucomicrobiota
62f7ecf7d05f92813a3f21b862040dda,0.0,0.0,0.0,0.0,0.0,0.0,0.0,0.05,0.0,0.0,0.0,0.0,0.0,0.0,0.0,0.0,0.0,,Verrucomicrobiota
914645dec731f7174d373f9d82c80b02,0.0,0.0,0.0,0.0,0.0,0.0,0.0,0.0,0.0,0.0,0.05,0.0,0.0,0.0,0.0,0.0,0.0,,Verrucomicrobiota
838d86b47ef4ea038484750f60e8e8e8,0.0,0.0,0.0,0.0,0.0,0.0,0.05,0.0,0.0,0.0,0.0,0.0,0.0,0.0,0.0,0.0,0.0,,Verrucomicrobiota
43d15eb64336969570d69613903d7c70,0.0,0.0,0.0,0.0,0.0,0.0,0.0,0.05,0.0,0.0,0.0,0.0,0.0,0.0,0.0,0.0,0.0,,Verrucomicrobiota
159c46b5dfab8e9a89aefef207e21aff,0.0,0.0,0.0,0.0,0.0,0.0,0.0,0.0,0.0,0.0,0.05,0.0,0.0,0.0,0.0,0.0,0.0,,Verrucomicrobiota
6a1366ce65d75fb099e6910eff73954c,0.0,0.0,0.0,0.0,0.0,0.0,0.0,0.05,0.0,0.0,0.0,0.0,0.0,0.0,0.0,0.0,0.0,,Verrucomicrobiota
4e37ecc602277e2bb06300ca364d4cd0,0.0,0.0,0.0,0.0,0.0,0.0,0.0,0.0,0.0,0.0,0.0,0.05,0.0,0.0,0.0,0.0,0.0,,Other
94d133965042b347de449fb1f29aaf94,0.0,0.0,0.0,0.0,0.0,0.0,0.0,0.05,0.0,0.0,0.0,0.0,0.0,0.0,0.0,0.0,0.0,,Other
bc28ea6497753473b2064f41bc658601,0.0,0.0,0.0,0.0,0.0,0.0,0.0,0.0,0.0,0.0,0.0,0.05,0.0,0.0,0.0,0.0,0.0,,Other
80e2d4c4c3ca2ad8ce444838ec79be23,0.0,0.0,0.0,0.0,0.0,0.0,0.0,0.0,0.05,0.0,0.0,0.0,0.0,0.0,0.0,0.0,0.0,,Other
45b5eca5d29c0505e9976dfd76105cad,0.0,0.0,0.0,0.0,0.0,0.0,0.0,0.0,0.05,0.0,0.0,0.0,0.0,0.0,0.0,0.0,0.0,,Verrucomicrobiota
7723845e49f46ec8d7547defc6465467,0.0,0.0,0.0,0.0,0.0,0.0,0.0,0.0,0.025,0.0,0.0,0.0,0.0,0.0,0.0,0.0,0.0,,Other
d8620daa8f4e225a86a1daa88ca54ff5,0.0,0.0,0.0,0.0,0.0,0.0,0.0,0.025,0.0,0.0,0.0,0.0,0.0,0.0,0.0,0.0,0.0,,Other
e16ac88e31b019ac03262754e3c94021,0.0,0.0,0.0,0.025,0.0,0.0,0.0,0.0,0.0,0.0,0.0,0.0,0.0,0.0,0.0,0.0,0.0,,Other
a7c7cef1b4d655f81476abab1ca0aceb,0.025,0.0,0.0,0.0,0.0,0.0,0.0,0.0,0.0,0.0,0.0,0.0,0.0,0.0,0.0,0.0,0.0,,Other
d27240df01f6d21aaf64f8f079dde6a8,0.025,0.0,0.0,0.0,0.0,0.0,0.0,0.0,0.0,0.0,0.0,0.0,0.0,0.0,0.0,0.0,0.0,,Other
e14059e8e6166afbd514f1ec1ddf85f9,0.0,0.0,0.0,0.0,0.0,0.0,0.0,0.0,0.0,0.025,0.0,0.0,0.0,0.0,0.0,0.0,0.0,,Other
85deebbd9ed381210ba89fe1ebb4b707,0.025,0.0,0.0,0.0,0.0,0.0,0.0,0.0,0.0,0.0,0.0,0.0,0.0,0.0,0.0,0.0,0.0,,Other
deed98f09fe532868f6e52a8be480327,0.025,0.0,0.0,0.0,0.0,0.0,0.0,0.0,0.0,0.0,0.0,0.0,0.0,0.0,0.0,0.0,0.0,,Other
7d4ceaca6c4f897d2504d968844ed007,0.025,0.0,0.0,0.0,0.0,0.0,0.0,0.0,0.0,0.0,0.0,0.0,0.0,0.0,0.0,0.0,0.0,,Other
1b68945b496807a5a12b3c0eae9c5554,0.0,0.0,0.0,0.0,0.0,0.0,0.0,0.0,0.0,0.0,0.0,0.025,0.0,0.0,0.0,0.0,0.0,,Other
55dc163121c4a1d1b92937f8a4736020,0.0,0.0,0.0,0.0,0.0,0.0,0.0,0.0,0.0,0.0,0.0,0.025,0.0,0.0,0.0,0.0,0.0,,Other
1f80b5b1878fc99729d0468fd582f2ce,0.0,0.0,0.0,0.0,0.0,0.0,0.0,0.0,0.025,0.0,0.0,0.0,0.0,0.0,0.0,0.0,0.0,,Other
5ec07d5947dc2cb2651a37f634973cfd,0.0,0.0,0.0,0.0,0.0,0.0,0.0,0.025,0.0,0.0,0.0,0.0,0.0,0.0,0.0,0.0,0.0,,Other
4bf57337c825c0d8c971c5bff4b5ecac,0.0,0.0,0.0,0.0,0.0,0.0,0.0,0.0,0.0,0.0,0.0,0.025,0.0,0.0,0.0,0.0,0.0,,Other
b83397c4705d2b88d5c1d00bd7179463,0.0,0.0,0.0,0.0,0.0,0.0,0.0,0.0,0.0,0.0,0.025,0.0,0.0,0.0,0.0,0.0,0.0,,Other
3166a9ca05b5950776dffc690b09d7e3,0.0,0.0,0.0,0.0,0.0,0.0,0.0,0.0,0.025,0.0,0.0,0.0,0.0,0.0,0.0,0.0,0.0,,Other
0bda79b663ab6c7316a1a7a4c750251c,0.0,0.0,0.0,0.0,0.0,0.0,0.0,0.025,0.0,0.0,0.0,0.0,0.0,0.0,0.0,0.0,0.0,,Other
c2e56bc49907dceef6ba5ffadc46799b,0.0,0.0,0.0,0.0,0.0,0.0,0.0,0.0,0.0,0.025,0.0,0.0,0.0,0.0,0.0,0.0,0.0,,Other
ed2eb6ac508f37ba647bf84a1fa95467,0.0,0.0,0.025,0.0,0.0,0.0,0.0,0.0,0.0,0.0,0.0,0.0,0.0,0.0,0.0,0.0,0.0,,Other
dc6333ca9fbfa7b602ec11dfee6253ee,0.0,0.0,0.0,0.0,0.0,0.0,0.0,0.0,0.0,0.0,0.025,0.0,0.0,0.0,0.0,0.0,0.0,,Other
48be0ab419921a017a2f2bde22521591,0.0,0.0,0.025,0.0,0.0,0.0,0.0,0.0,0.0,0.0,0.0,0.0,0.0,0.0,0.0,0.0,0.0,,Other
cabf34e9db3b4d2eeba9263a7267bdbe,0.0,0.0,0.0,0.025,0.0,0.0,0.0,0.0,0.0,0.0,0.0,0.0,0.0,0.0,0.0,0.0,0.0,,Other
4c8ea5ee642f3de5312640336c575b6c,0.0,0.0,0.0,0.0,0.0,0.0,0.025,0.0,0.0,0.0,0.0,0.0,0.0,0.0,0.0,0.0,0.0,,Cyanobacteria
9b14f77c903bb14f1c3e47d1bea7aaac,0.0,0.0,0.0,0.0,0.0,0.0,0.0,0.025,0.0,0.0,0.0,0.0,0.0,0.0,0.0,0.0,0.0,,Other
62b0b243d6b3b2b15948054bc600ff86,0.0,0.0,0.0,0.0,0.0,0.0,0.0,0.0,0.0,0.0,0.0,0.0,0.025,0.0,0.0,0.0,0.0,,Other
77245c9a02ccd7874ff544cc098a3eec,0.0,0.0,0.0,0.0,0.0,0.0,0.0,0.025,0.0,0.0,0.0,0.0,0.0,0.0,0.0,0.0,0.0,,Other
e2b7ab9a407ebdd0c121d5a5795a74d4,0.0,0.025,0.0,0.0,0.0,0.0,0.0,0.0,0.0,0.0,0.0,0.0,0.0,0.0,0.0,0.0,0.0,,Other
851f2a9d09b2ae7117549b5d8c122327,0.025,0.0,0.0,0.0,0.0,0.0,0.0,0.0,0.0,0.0,0.0,0.0,0.0,0.0,0.0,0.0,0.0,,Other
e679c60f5afb7af57e3c8ba73c821ffe,0.0,0.0,0.0,0.0,0.0,0.0,0.0,0.0,0.025,0.0,0.0,0.0,0.0,0.0,0.0,0.0,0.0,,Other
206e1c33da40dfdfaf2f1d4d91fd4e5b,0.0,0.0,0.0,0.0,0.0,0.0,0.025,0.0,0.0,0.0,0.0,0.0,0.0,0.0,0.0,0.0,0.0,,Other
2ccacf5be5c2dafd961cdd44fbd4e312,0.0,0.025,0.0,0.0,0.0,0.0,0.0,0.0,0.0,0.0,0.0,0.0,0.0,0.0,0.0,0.0,0.0,,Other
c6d7aff523921142e4bd43bb1d9518e7,0.025,0.0,0.0,0.0,0.0,0.0,0.0,0.0,0.0,0.0,0.0,0.0,0.0,0.0,0.0,0.0,0.0,,Other
67363c5d824db69117cb52a7df0db2ec,0.0,0.0,0.0,0.0,0.0,0.0,0.0,0.0,0.025,0.0,0.0,0.0,0.0,0.0,0.0,0.0,0.0,,Other
e007841bb000bd7f1c0884eebf2da7e8,0.0,0.0,0.0,0.0,0.0,0.0,0.0,0.0,0.025,0.0,0.0,0.0,0.0,0.0,0.0,0.0,0.0,,Other
cdfcad1c21572a1b061f0dad77c88d96,0.0,0.025,0.0,0.0,0.0,0.0,0.0,0.0,0.0,0.0,0.0,0.0,0.0,0.0,0.0,0.0,0.0,,Other
9ce1650826f6d0a90a3b90bb6b4dbacd,0.0,0.0,0.0,0.0,0.0,0.0,0.025,0.0,0.0,0.0,0.0,0.0,0.0,0.0,0.0,0.0,0.0,,Other
f0fad6a969f08e9eafe1fbd3f75174e4,0.0,0.0,0.0,0.0,0.0,0.0,0.0,0.0,0.025,0.0,0.0,0.0,0.0,0.0,0.0,0.0,0.0,,Other
c091a1b0673d85664b2a74ed7d399674,0.0,0.0,0.0,0.0,0.0,0.0,0.0,0.0,0.0,0.0,0.0,0.0,0.0,0.0,0.0,0.0,0.025,,Other
a7a3f61c927bd0b56a8fba1ef3e0e9c2,0.0,0.0,0.0,0.0,0.0,0.0,0.0,0.025,0.0,0.0,0.0,0.0,0.0,0.0,0.0,0.0,0.0,,Other
a2d74214b3d344f4bc384f1993bf192b,0.0,0.0,0.0,0.025,0.0,0.0,0.0,0.0,0.0,0.0,0.0,0.0,0.0,0.0,0.0,0.0,0.0,,Other
373752118bfa5c3db00fbc43569c9716,0.0,0.0,0.0,0.0,0.025,0.0,0.0,0.0,0.0,0.0,0.0,0.0,0.0,0.0,0.0,0.0,0.0,,Other
31d7a4197e6d11af105227b562b7ecad,0.0,0.0,0.0,0.0,0.0,0.0,0.0,0.0,0.0,0.0,0.0,0.0,0.0,0.025,0.0,0.0,0.0,,Other
fed5c8da0c2f9695b64c2fcef196fceb,0.025,0.0,0.0,0.0,0.0,0.0,0.0,0.0,0.0,0.0,0.0,0.0,0.0,0.0,0.0,0.0,0.0,,Other
d2dbd72ea3fc1376a0168d5165f0b3cf,0.0,0.0,0.0,0.0,0.0,0.0,0.0,0.0,0.0,0.0,0.025,0.0,0.0,0.0,0.0,0.0,0.0,,Other
134ab19b2459d7d44f8b764348c3b1b9,0.0,0.0,0.0,0.0,0.0,0.0,0.0,0.0,0.0,0.0,0.0,0.0,0.0,0.025,0.0,0.0,0.0,,Verrucomicrobiota
2b69bcb53f66af02dbd8562aad64e620,0.0,0.0,0.0,0.0,0.0,0.0,0.0,0.025,0.0,0.0,0.0,0.0,0.0,0.0,0.0,0.0,0.0,,Other
6d2033479b3f89b5ebf07b452ebdad8e,0.0,0.0,0.0,0.0,0.0,0.0,0.0,0.0,0.025,0.0,0.0,0.0,0.0,0.0,0.0,0.0,0.0,,Other
7e1d7a9a22f31dedb63170c0a2d213f9,0.0,0.0,0.0,0.0,0.0,0.0,0.0,0.025,0.0,0.0,0.0,0.0,0.0,0.0,0.0,0.0,0.0,,Other
548206eefe4c5ea97d875cbc555dae93,0.0,0.0,0.0,0.0,0.0,0.0,0.0,0.025,0.0,0.0,0.0,0.0,0.0,0.0,0.0,0.0,0.0,,Other
b342fad74a35262463a4e6d86ca6d03d,0.025,0.0,0.0,0.0,0.0,0.0,0.0,0.0,0.0,0.0,0.0,0.0,0.0,0.0,0.0,0.0,0.0,,Other
c6b2fdcf5a57e4d7314dfa0ce2e1112d,0.0,0.0,0.0,0.0,0.0,0.0,0.0,0.0,0.0,0.0,0.0,0.0,0.0,0.0,0.0,0.025,0.0,,Other
b1f301d2ff4eeb910865de4db512b6f5,0.0,0.0,0.0,0.0,0.0,0.0,0.0,0.0,0.0,0.0,0.0,0.0,0.0,0.0,0.025,0.0,0.0,,Other
540d109fb11ccaa6e9eb9c5dffa48914,0.0,0.025,0.0,0.0,0.0,0.0,0.0,0.0,0.0,0.0,0.0,0.0,0.0,0.0,0.0,0.0,0.0,,Other
b744eae1244325f606575483df0de67e,0.025,0.0,0.0,0.0,0.0,0.0,0.0,0.0,0.0,0.0,0.0,0.0,0.0,0.0,0.0,0.0,0.0,,Alphaproteobacteria
b0d9d839b565b4ab45d429df3c116c7f,0.0,0.0,0.0,0.0,0.0,0.0,0.0,0.0,0.0,0.0,0.0,0.025,0.0,0.0,0.0,0.0,0.0,,Alphaproteobacteria
b21e555d627a50e8cdcbbb442ebdc17f,0.0,0.025,0.0,0.0,0.0,0.0,0.0,0.0,0.0,0.0,0.0,0.0,0.0,0.0,0.0,0.0,0.0,,Alphaproteobacteria
0a40149a5fdc8cb5ad884cbfb51dd229,0.0,0.0,0.0,0.0,0.0,0.0,0.0,0.025,0.0,0.0,0.0,0.0,0.0,0.0,0.0,0.0,0.0,,Alphaproteobacteria
2963ff19cfa60a18bddc86cf1329e675,0.0,0.0,0.0,0.0,0.0,0.0,0.0,0.0,0.0,0.0,0.0,0.025,0.0,0.0,0.0,0.0,0.0,,Alphaproteobacteria
dbf891b81810bae2731119f803bdd6e6,0.0,0.0,0.0,0.0,0.0,0.0,0.0,0.0,0.025,0.0,0.0,0.0,0.0,0.0,0.0,0.0,0.0,,Alphaproteobacteria
bcba47620c299fd34809f143e3d26dff,0.0,0.0,0.0,0.0,0.0,0.0,0.0,0.0,0.025,0.0,0.0,0.0,0.0,0.0,0.0,0.0,0.0,,Alphaproteobacteria
ed679c8b2225afeab7d2cbe5e4d9eb1e,0.0,0.0,0.0,0.0,0.0,0.0,0.0,0.0,0.025,0.0,0.0,0.0,0.0,0.0,0.0,0.0,0.0,,Alphaproteobacteria
f37d89376367b7b4564713fdda79135e,0.0,0.0,0.0,0.0,0.0,0.0,0.025,0.0,0.0,0.0,0.0,0.0,0.0,0.0,0.0,0.0,0.0,,Alphaproteobacteria
e09f97d9f9240a8db6364dea88fcd7cd,0.0,0.0,0.0,0.0,0.0,0.0,0.0,0.0,0.025,0.0,0.0,0.0,0.0,0.0,0.0,0.0,0.0,,Alphaproteobacteria
b9c745145a0ee3b3367b59d373d6f12c,0.025,0.0,0.0,0.0,0.0,0.0,0.0,0.0,0.0,0.0,0.0,0.0,0.0,0.0,0.0,0.0,0.0,,Other
809eaf1dcafd48f1f6f1c563bd5d9ffe,0.025,0.0,0.0,0.0,0.0,0.0,0.0,0.0,0.0,0.0,0.0,0.0,0.0,0.0,0.0,0.0,0.0,,Alphaproteobacteria
7185fae8817a05b5eca080eb555db60a,0.0,0.0,0.0,0.0,0.0,0.0,0.0,0.0,0.0,0.0,0.025,0.0,0.0,0.0,0.0,0.0,0.0,,Alphaproteobacteria
c50d27667dc962fe80f742a078d88b03,0.0,0.0,0.0,0.0,0.0,0.0,0.0,0.0,0.0,0.0,0.025,0.0,0.0,0.0,0.0,0.0,0.0,,Alphaproteobacteria
04142f57128d576ffcc580fb0dd9c563,0.0,0.0,0.0,0.0,0.0,0.0,0.025,0.0,0.0,0.0,0.0,0.0,0.0,0.0,0.0,0.0,0.0,,Alphaproteobacteria
e6f711641e0bd8c6d4e65797f2f6e2ce,0.0,0.0,0.0,0.0,0.0,0.0,0.0,0.0,0.0,0.025,0.0,0.0,0.0,0.0,0.0,0.0,0.0,,Alphaproteobacteria
bf75f2ad2e3b2542f1f3548e78459815,0.025,0.0,0.0,0.0,0.0,0.0,0.0,0.0,0.0,0.0,0.0,0.0,0.0,0.0,0.0,0.0,0.0,,Alphaproteobacteria
5fc31ac51d8a26f59b6c05a32e7d864f,0.0,0.0,0.0,0.0,0.0,0.0,0.0,0.0,0.0,0.0,0.0,0.0,0.0,0.0,0.0,0.025,0.0,,Other
914611172f55db70e64ff02deacd4713,0.0,0.0,0.0,0.0,0.0,0.0,0.0,0.0,0.0,0.0,0.0,0.0,0.0,0.0,0.0,0.0,0.025,,Other
2bd1019de3a29d10c87892cb061dbf5c,0.0,0.0,0.0,0.0,0.0,0.0,0.0,0.0,0.0,0.0,0.0,0.025,0.0,0.0,0.0,0.0,0.0,,Gammaproteobacteria
d6122a0717877cf7fa6bac67db2742b8,0.025,0.0,0.0,0.0,0.0,0.0,0.0,0.0,0.0,0.0,0.0,0.0,0.0,0.0,0.0,0.0,0.0,,Gammaproteobacteria
da64c3f2e4af6b449f4de888631f8668,0.0,0.025,0.0,0.0,0.0,0.0,0.0,0.0,0.0,0.0,0.0,0.0,0.0,0.0,0.0,0.0,0.0,,Gammaproteobacteria
1a3231e8c3234d0aa74c16baee08c0fd,0.0,0.0,0.0,0.0,0.0,0.0,0.0,0.0,0.025,0.0,0.0,0.0,0.0,0.0,0.0,0.0,0.0,,Gammaproteobacteria
cf3d2fc8ee670732652d41032d037199,0.0,0.0,0.0,0.0,0.0,0.0,0.0,0.0,0.0,0.0,0.0,0.0,0.0,0.025,0.0,0.0,0.0,,Gammaproteobacteria
bca06675819d1a1fac77abb6b094591b,0.0,0.0,0.0,0.0,0.0,0.0,0.0,0.0,0.0,0.0,0.0,0.025,0.0,0.0,0.0,0.0,0.0,,Gammaproteobacteria
14de28f0dfa0f396c4fa361d1d75a5bd,0.025,0.0,0.0,0.0,0.0,0.0,0.0,0.0,0.0,0.0,0.0,0.0,0.0,0.0,0.0,0.0,0.0,,Gammaproteobacteria
d3ad2a9babf018d1e4055344ed340512,0.025,0.0,0.0,0.0,0.0,0.0,0.0,0.0,0.0,0.0,0.0,0.0,0.0,0.0,0.0,0.0,0.0,,Gammaproteobacteria
6a3d1a0ee0607b53d0b603def045c452,0.0,0.0,0.0,0.0,0.0,0.0,0.0,0.025,0.0,0.0,0.0,0.0,0.0,0.0,0.0,0.0,0.0,,Gammaproteobacteria
e665ec34f01828d56f13cdba3171e487,0.0,0.0,0.0,0.0,0.0,0.0,0.0,0.025,0.0,0.0,0.0,0.0,0.0,0.0,0.0,0.0,0.0,,Gammaproteobacteria
423818fcf793e94ee06524d43cede263,0.025,0.0,0.0,0.0,0.0,0.0,0.0,0.0,0.0,0.0,0.0,0.0,0.0,0.0,0.0,0.0,0.0,,Gammaproteobacteria
6c6209f5f79a7be45964b4d69599d1de,0.0,0.0,0.0,0.0,0.0,0.0,0.0,0.0,0.025,0.0,0.0,0.0,0.0,0.0,0.0,0.0,0.0,,Gammaproteobacteria
ed6a72ed7be4f9b7dbd66690778a4954,0.0,0.0,0.0,0.0,0.0,0.0,0.0,0.0,0.0,0.0,0.0,0.025,0.0,0.0,0.0,0.0,0.0,,Other
010a3efe25cda58c31b6d13db3675881,0.0,0.0,0.0,0.0,0.025,0.0,0.0,0.0,0.0,0.0,0.0,0.0,0.0,0.0,0.0,0.0,0.0,,Other
f791e5818bef68986c15d276727301dc,0.0,0.0,0.0,0.0,0.0,0.0,0.0,0.025,0.0,0.0,0.0,0.0,0.0,0.0,0.0,0.0,0.0,,Bacteroidota
ce3e080723c09bdf9ae5cf385f212147,0.0,0.0,0.0,0.0,0.0,0.0,0.025,0.0,0.0,0.0,0.0,0.0,0.0,0.0,0.0,0.0,0.0,,Bacteroidota
c5bad138de410e3fed48f35caafad40d,0.0,0.0,0.0,0.0,0.0,0.0,0.0,0.0,0.0,0.0,0.0,0.0,0.0,0.0,0.0,0.025,0.0,,Bacteroidota
13a9bbe357274b376f7b0406950cf21d,0.025,0.0,0.0,0.0,0.0,0.0,0.0,0.0,0.0,0.0,0.0,0.0,0.0,0.0,0.0,0.0,0.0,,Bacteroidota
1a1ffd50f42d8407314902832bdc51c8,0.0,0.0,0.0,0.0,0.0,0.0,0.0,0.0,0.0,0.0,0.0,0.025,0.0,0.0,0.0,0.0,0.0,,Bacteroidota
9f073298245aa1bdbe22b3405ff40c69,0.025,0.0,0.0,0.0,0.0,0.0,0.0,0.0,0.0,0.0,0.0,0.0,0.0,0.0,0.0,0.0,0.0,,Bacteroidota
c0e401a9ec4d7d204d57b7f2724b6897,0.0,0.0,0.0,0.0,0.0,0.0,0.0,0.0,0.0,0.025,0.0,0.0,0.0,0.0,0.0,0.0,0.0,,Bacteroidota
804bd7a11c07b916d958dff724eecd74,0.0,0.0,0.0,0.0,0.0,0.0,0.0,0.0,0.025,0.0,0.0,0.0,0.0,0.0,0.0,0.0,0.0,,Bacteroidota
2cd8bf31ffd02905fe6bb593a85ba73d,0.0,0.0,0.0,0.0,0.0,0.0,0.0,0.0,0.0,0.0,0.025,0.0,0.0,0.0,0.0,0.0,0.0,,Bacteroidota
9478594bdd83af022961e2d87e98bd32,0.0,0.0,0.0,0.0,0.0,0.0,0.0,0.025,0.0,0.0,0.0,0.0,0.0,0.0,0.0,0.0,0.0,,Bacteroidota
3ef8d27167c0860000c175f681bba956,0.0,0.0,0.0,0.0,0.0,0.0,0.0,0.0,0.025,0.0,0.0,0.0,0.0,0.0,0.0,0.0,0.0,,Bacteroidota
1cbb6d493860b38145f803f3f74b1b22,0.0,0.0,0.0,0.0,0.0,0.025,0.0,0.0,0.0,0.0,0.0,0.0,0.0,0.0,0.0,0.0,0.0,,Bacteroidota
685899ab474306d2bcf8f7ff67795e2b,0.0,0.0,0.0,0.0,0.0,0.0,0.0,0.0,0.0,0.0,0.0,0.025,0.0,0.0,0.0,0.0,0.0,,Bacteroidota
bbe914cfcf51815d92e2d2b19834fa2d,0.0,0.0,0.0,0.0,0.0,0.0,0.0,0.0,0.0,0.0,0.0,0.0,0.0,0.025,0.0,0.0,0.0,,Other
eeeb5105372ea94b20dcc1236737d0f1,0.0,0.0,0.0,0.0,0.0,0.0,0.0,0.025,0.0,0.0,0.0,0.0,0.0,0.0,0.0,0.0,0.0,,Other
b5e3f4134940ad7d4194f9be94bc6364,0.0,0.0,0.0,0.0,0.0,0.0,0.0,0.0,0.0,0.025,0.0,0.0,0.0,0.0,0.0,0.0,0.0,,Other
719eceddaea01c79258753f027b99f97,0.0,0.0,0.0,0.0,0.0,0.0,0.0,0.0,0.0,0.025,0.0,0.0,0.0,0.0,0.0,0.0,0.0,,Other
8864f63e09488a696754e5c3b7c51d28,0.0,0.0,0.0,0.0,0.0,0.0,0.0,0.0,0.025,0.0,0.0,0.0,0.0,0.0,0.0,0.0,0.0,,Other
66895f92b47e093c9dfb1ff6b21f5f50,0.0,0.0,0.0,0.0,0.0,0.0,0.0,0.025,0.0,0.0,0.0,0.0,0.0,0.0,0.0,0.0,0.0,,Other
ca019dc1f7991a3f2a30faf861bee144,0.0,0.0,0.0,0.0,0.0,0.0,0.0,0.0,0.025,0.0,0.0,0.0,0.0,0.0,0.0,0.0,0.0,,Other
585dc9bb2ee825e1ab283e4acd5d726d,0.0,0.0,0.0,0.0,0.0,0.0,0.0,0.0,0.0,0.0,0.0,0.0,0.025,0.0,0.0,0.0,0.0,,Verrucomicrobiota
96e36a1c36b77a91cb4e9fc44a3c3299,0.0,0.0,0.0,0.025,0.0,0.0,0.0,0.0,0.0,0.0,0.0,0.0,0.0,0.0,0.0,0.0,0.0,,Verrucomicrobiota
712a9f69ebfdb575a72523d6cdfc8e41,0.0,0.0,0.0,0.0,0.0,0.0,0.0,0.0,0.0,0.0,0.0,0.025,0.0,0.0,0.0,0.0,0.0,,Verrucomicrobiota
12aba9e1c780da4c418f63a40e93d6cc,0.0,0.0,0.0,0.0,0.0,0.0,0.0,0.025,0.0,0.0,0.0,0.0,0.0,0.0,0.0,0.0,0.0,,Other
2db27cf51f1f53bf7a82b43876b75ddc,0.0,0.0,0.0,0.0,0.0,0.0,0.025,0.0,0.0,0.0,0.0,0.0,0.0,0.0,0.0,0.0,0.0,,Other
1cd4dd1bbaf7707c7499ecf32812e55d,0.0,0.025,0.0,0.0,0.0,0.0,0.0,0.0,0.0,0.0,0.0,0.0,0.0,0.0,0.0,0.0,0.0,,Other
e29dfe57d2718467d97c650daf2f4ec8,0.0,0.025,0.0,0.0,0.0,0.0,0.0,0.0,0.0,0.0,0.0,0.0,0.0,0.0,0.0,0.0,0.0,,Other
420f630f2002f0fe6d9e99439d070ddb,0.0,0.0,0.0,0.0,0.0,0.0,0.0,0.025,0.0,0.0,0.0,0.0,0.0,0.0,0.0,0.0,0.0,,Other
e0b525e7f04868bbd1ba255958380603,0.0,0.0,0.0,0.0,0.0,0.0,0.0,0.0,0.0,0.0,0.0,0.025,0.0,0.0,0.0,0.0,0.0,,Other
a195101653d5ef37d9d1e88fc9b000d7,0.0,0.0,0.0,0.025,0.0,0.0,0.0,0.0,0.0,0.0,0.0,0.0,0.0,0.0,0.0,0.0,0.0,,Other
931ac7709b0d74ba3440921b1c12cdce,0.0,0.0,0.0,0.0,0.0,0.0,0.0,0.0,0.0,0.0,0.0,0.025,0.0,0.0,0.0,0.0,0.0,,Other
4ed2438f1258981619546a0c37b30ad7,0.025,0.0,0.0,0.0,0.0,0.0,0.0,0.0,0.0,0.0,0.0,0.0,0.0,0.0,0.0,0.0,0.0,,Other
bb065c1d5eb7a3d3a041a66477ffcb3a,0.0,0.0,0.0,0.0,0.0,0.0,0.0,0.0,0.025,0.0,0.0,0.0,0.0,0.0,0.0,0.0,0.0,,Other
621fe1385abeab35fbb5dd5731c2548a,0.0,0.0,0.0,0.0,0.0,0.0,0.0,0.0,0.0,0.0,0.0,0.0,0.0,0.0,0.025,0.0,0.0,,Other
5b1369feba3149fd5792b5e0a7fd47cc,0.0,0.0,0.0,0.0,0.0,0.0,0.0,0.0,0.0,0.0,0.025,0.0,0.0,0.0,0.0,0.0,0.0,,Other
d53fd85b77ebcb4df72e2cc2ea68a887,0.0,0.0,0.0,0.025,0.0,0.0,0.0,0.0,0.0,0.0,0.0,0.0,0.0,0.0,0.0,0.0,0.0,,Other
94799f612121057be680c3cc045a7c50,0.0,0.0,0.0,0.0,0.0,0.0,0.0,0.0,0.0,0.025,0.0,0.0,0.0,0.0,0.0,0.0,0.0,,Other
9c253b045234173540111db036e207ba,0.0,0.0,0.0,0.0,0.0,0.0,0.0,0.0,0.0,0.0,0.0,0.0,0.0,0.0,0.025,0.0,0.0,,Other
be87a8438f696ffff14b79d6ce7742a5,0.025,0.0,0.0,0.0,0.0,0.0,0.0,0.0,0.0,0.0,0.0,0.0,0.0,0.0,0.0,0.0,0.0,,Other
5df22111906aacf2f5b8cff0a73e8dbd,0.0,0.0,0.0,0.0,0.0,0.0,0.0,0.025,0.0,0.0,0.0,0.0,0.0,0.0,0.0,0.0,0.0,,Other
6d00436d315d3d3d1796d82f7453ba1c,0.0,0.0,0.025,0.0,0.0,0.0,0.0,0.0,0.0,0.0,0.0,0.0,0.0,0.0,0.0,0.0,0.0,,Other
8c3d0f6106ed06ac9c76608c6b826b7b,0.0,0.0,0.0,0.025,0.0,0.0,0.0,0.0,0.0,0.0,0.0,0.0,0.0,0.0,0.0,0.0,0.0,,Other
7c9f454292d4c13da1c45f58c47098d0,0.0,0.0,0.0,0.0,0.0,0.0,0.0,0.0,0.0,0.0,0.025,0.0,0.0,0.0,0.0,0.0,0.0,,Verrucomicrobiota
fc75f7dabe00d1a7a949f8af6ac261e0,0.0,0.0,0.0,0.0,0.0,0.0,0.0,0.025,0.0,0.0,0.0,0.0,0.0,0.0,0.0,0.0,0.0,,Verrucomicrobiota
7e8cd72754930304fd290598cf38df97,0.0,0.0,0.0,0.0,0.0,0.0,0.0,0.0,0.0,0.0,0.025,0.0,0.0,0.0,0.0,0.0,0.0,,Verrucomicrobiota
7215c9fa53483e5a24edfcd5785cad9d,0.0,0.0,0.0,0.0,0.0,0.0,0.0,0.0,0.0,0.0,0.0,0.0,0.0,0.0,0.0,0.0,0.025,,Verrucomicrobiota
720fb3169b81decf883ac4460daa438d,0.025,0.0,0.0,0.0,0.0,0.0,0.0,0.0,0.0,0.0,0.0,0.0,0.0,0.0,0.0,0.0,0.0,,Verrucomicrobiota
6b3e01c1d5171bc9e7e2ca53367d1ba7,0.0,0.0,0.0,0.0,0.0,0.0,0.0,0.025,0.0,0.0,0.0,0.0,0.0,0.0,0.0,0.0,0.0,,Verrucomicrobiota
4536eac5cb6e4ec4095dcb1ad00283ae,0.025,0.0,0.0,0.0,0.0,0.0,0.0,0.0,0.0,0.0,0.0,0.0,0.0,0.0,0.0,0.0,0.0,,Other
facdd8358a7ac02f3f85963beacb5fdd,0.0,0.0,0.0,0.0,0.025,0.0,0.0,0.0,0.0,0.0,0.0,0.0,0.0,0.0,0.0,0.0,0.0,,Other
