,GH2020.013.832,GH2020.014.832,GH2020.015.832,GH2020.016.832,GH2020.017.832,GH2020.018.832,GH2020.019.832,GH2020.020.832,GH2020.021.832,GH2020.022.832,GH2020.023.832,GH2020.024.832,GH2020.025.832,GH2020.026.832,GH2020.027.832,GH2020.028.832,GH2020.029.832
3eeb4a6278652363d350b5391ebeb470,799,1095,1171,929,1399,1050,945,983,761,1031,1137,1225,1248,1187,1087,1122,1107
c39ea129388a077989abed2081b5fe88,535,590,729,744,409,693,544,121,398,396,572,541,789,835,814,738,702
08220c63935e60ddef0830ac0cd3a6c5,287,237,240,263,252,276,146,170,198,211,202,282,274,232,255,385,516
f7d481c6e4ae9e0ac296fe40603965f7,87,111,79,46,295,558,366,150,93,71,21,24,112,120,239,157,117
4e5ff310075a50266f9d480989d68398,106,140,139,141,114,85,129,143,137,152,171,156,106,132,221,170,224
e416d0916760d2fc17b616e2ac3ad855,105,116,159,142,129,85,114,141,109,138,158,222,131,151,147,182,134
cd3252d96bdb1efe5fc05bc00a9d9309,141,243,139,201,160,93,103,109,88,145,82,123,112,109,137,181,118
af27577de5edb10c09f7fc19b9ca45ca,130,109,92,114,87,133,95,251,202,207,113,74,117,79,96,86,63
f9c1c7de158ab4d555ec46bec26478f1,80,69,92,104,91,39,50,396,162,162,75,55,59,66,61,68,121
ffd660f96ba6668b2d8d86fc4e150862,52,78,87,101,86,65,176,50,94,153,135,118,60,73,60,42,49
f3adc35cb1fc524f48eba2a0ea2c2b07,173,158,129,163,271,31,60,32,39,17,29,63,50,43,55,50,59
953d6d0a551de62b58c96dbef8759bbd,67,49,48,59,14,63,58,61,116,120,100,92,75,84,103,142,156
68262884f1021c896f8e1bf7348d773c,31,55,38,46,35,99,42,19,34,65,118,106,117,101,63,138,121
fe7b5b769375b837bb6d4bfa6dee234f,104,144,91,93,61,69,80,19,27,25,27,28,47,68,49,45,12
ec1b43e5744d0729275b2baa1c16ede9,41,58,50,85,37,92,76,84,126,70,19,14,36,26,72,20,25
653334c36340a20181971e05d9b4e110,27,10,23,22,54,41,133,87,110,61,71,52,73,53,25,27,40
1d1d68c0261030f6885f385754f10174,28,19,37,25,30,18,24,41,19,65,111,113,86,94,59,39,62
24055c9a3d2b339846662bc114d7f158,13,24,27,60,27,17,23,0,28,13,65,59,101,89,101,128,86
f9491c3e6b9696bee439b98d32336180,19,6,9,4,0,3,0,46,24,30,73,79,90,81,124,70,84
00d4306620fb956f4cb8ea6616da13a3,60,25,42,43,18,44,24,54,37,44,41,25,37,21,19,12,15
4b005828a1cb2add3f80a8d6f4d87519,75,49,50,42,12,69,30,0,58,20,47,10,0,28,0,11,17
128126b2087f7f7f7566f024fbdf5a05,7,0,8,22,0,33,41,33,52,61,27,15,29,38,39,38,30
5395cf9d11c88c5a47b933b199fb99bb,75,30,26,16,4,14,41,32,86,28,39,10,9,12,7,0,0
6b94959874b693c3304e68c57cefd287,45,33,37,37,45,26,25,21,22,20,11,13,20,10,0,12,7
182bb0ae69d9b451fda7ceb8d8d3cd9e,4,7,11,11,35,14,24,49,56,45,23,32,18,15,0,13,6
0b60e65624fab50047f1eb1eb04002d1,70,46,26,17,7,21,24,48,43,20,4,3,0,4,0,0,0
6107feed8d202981b5e39e244bb4b3cc,41,20,42,45,13,22,31,6,24,8,8,4,7,7,13,0,0
c58754f3613677615cb80ce5013b088c,5,6,0,0,0,2,4,119,91,14,5,11,10,0,0,0,0
874311c1048fd431c9e27bee67784ac7,19,15,29,18,0,12,36,0,12,25,34,15,16,15,0,8,0
54658c5cabc3c6c07f1e6556120cc99c,25,10,15,10,0,10,16,24,29,13,16,13,17,12,17,10,16
eb2625c1474f98f554b002fcd5d1088e,5,3,0,0,0,6,0,93,38,27,16,31,3,0,8,7,0
6e6f306a337ba255a7f4a7f8469ff691,15,8,8,7,14,11,13,11,8,15,26,20,14,18,16,9,11
680a50c1257b1f625387c1f5eac1f8f7,14,16,7,0,10,17,0,7,7,10,7,0,0,18,47,34,25
f672aa3aea2d03f0b297739022e9b716,17,18,12,7,15,0,10,27,16,23,22,18,5,13,0,5,10
2d2bbc4cfa8b494a23ea16706372d26c,36,31,37,70,17,4,0,0,0,0,0,0,0,0,0,0,0
1aa45332969575442e0a457ef371669d,11,18,8,18,8,2,0,11,9,17,19,17,12,9,0,0,0
d7bcf10280a09cd0b463ce3f2d218d9c,10,11,9,11,0,0,15,21,17,24,29,8,0,0,0,0,0
7f79adb6f17ca8c8dec3d655e2206dd6,9,1,0,9,10,3,8,31,15,20,9,7,6,12,0,0,0
68a0248959d58ceddd095bab1e768a6c,0,0,0,0,0,0,1,63,28,27,7,6,0,0,0,0,0
502419a4a0d188164b40db1cf6722742,16,13,8,9,14,13,19,8,7,5,8,0,0,0,0,0,0
2ffc5bba8b56d331697fbd2db663fa69,35,22,17,12,0,0,0,9,7,5,5,5,0,0,0,0,0
5c2392591fbe650b20394fc09e9ca90c,10,22,9,0,5,8,17,11,14,12,0,5,0,0,0,0,0
5fa97937c087ce34a2c5ae09d617b9b1,7,0,5,0,9,0,5,16,22,16,11,9,6,0,0,0,4
0fdc35769b2ba30b50ad58aece701229,18,33,29,26,0,0,0,0,0,0,0,0,0,0,0,0,0
0f881e6a9e07d0f8bdc7e9090af410e9,16,16,6,12,0,22,5,16,5,0,0,0,0,0,0,0,0
916adc5619fafc4705b3e937d5b00c6f,10,0,0,0,0,0,0,0,0,10,18,18,22,19,0,0,0
12ba333122e7499eb63d8df0ad7ea92c,3,0,0,0,0,2,22,17,18,8,7,7,0,0,0,0,5
5f8c17bb109331397db134013bf9e9ba,19,6,0,0,0,0,14,9,0,8,10,11,11,0,0,0,0
d70adaf7d3d98a3004a9dcf45f734e64,17,9,5,0,0,0,4,13,16,9,6,3,4,0,0,0,0
5dd9b4c4fb4de32a93a6e834dde0faa2,10,12,16,28,6,0,0,0,0,0,0,0,0,0,9,0,2
3a7c521ac033b79223933718a9a95f60,5,5,0,0,0,0,0,13,19,8,9,3,13,4,0,0,0
fd5786c34fcd869feecb36f039662457,22,11,6,7,0,4,9,0,7,3,5,5,0,0,0,0,0
49363be39f4e73fc08154c4e95e73321,5,14,11,10,12,4,4,0,6,0,2,3,2,3,0,0,0
c79a813ff3faab143e9d2183861efa25,16,5,0,7,0,0,17,0,25,4,0,0,0,0,0,0,0
e4d1a7edc70a5b859d68e0146708f3fa,6,0,9,0,4,0,0,0,3,0,9,2,17,0,0,7,6
9c7422a3a4ea092153a2fbc0fe158fa7,2,0,0,0,0,5,17,8,7,3,10,8,0,0,0,0,0
36232b0e9a92abeb38a7c95bef2edb71,5,11,11,8,0,0,0,0,0,0,0,0,0,12,6,5,0
9ef3321ad20cadc72156cab66b72a316,0,0,5,0,0,0,16,0,7,18,0,0,0,7,0,0,3
4e88579530afedc3ba64c33a96a9e9d6,0,0,0,0,0,0,0,0,0,0,2,6,11,9,11,11,5
e1695c6a045496cbccbd8e8d6d275877,8,8,5,5,7,0,5,0,0,0,0,0,5,11,0,0,0
9ac3bb1d7dedb08a012692a6f536b5af,0,0,0,0,17,7,7,0,19,0,0,3,0,0,0,0,0
7041069483b0fa362520f7ca7e77650d,10,0,4,0,0,0,4,11,9,12,3,0,0,0,0,0,0
f908a38600f83fdc81be5d4d19e1c44e,2,0,0,0,0,0,14,0,0,0,17,12,0,6,0,0,0
d2d5427ea6e035b016300288ed5695e9,3,4,6,8,3,0,3,0,2,3,3,4,6,5,0,0,0
c0fd0d090593e2b69c3a735e115e1f1b,3,4,3,6,0,4,10,2,7,0,0,0,0,1,0,0,8
ec19ef66883b36d2b73e77929806ee7f,4,0,0,0,0,0,5,14,9,6,3,3,0,0,0,0,0
a1b5c22937f5d5a044f7d3d1769975c3,3,8,0,3,0,4,9,0,4,2,4,0,0,2,0,0,2
d1846621d56307859a8d6c6bf12e33cd,8,8,6,3,7,0,0,0,0,0,0,3,0,3,3,0,0
41aa0d37a9c4bc4a849852f7c6824e02,6,9,0,20,0,0,0,0,0,5,0,0,0,0,0,0,0
8cff7bc3fb5f7586f26e4837583cb108,4,0,0,0,0,3,8,3,10,2,3,4,0,0,0,0,0
84e7ff9bf4762d8524c746622aa60588,3,6,0,5,0,4,3,0,3,1,0,0,0,1,10,0,0
3046627c356a24ce50a771cb00466245,10,0,0,0,0,0,6,16,0,0,3,0,0,0,0,0,0
9af3467db68cf6063627304cecd46a65,0,0,0,0,0,11,16,0,0,0,0,7,0,0,0,0,0
c1ba9460c7bf03aa48206243533697a9,0,0,0,0,0,0,33,0,0,0,0,0,0,0,0,0,0
2c070f4880cc78c48ec292dd9c89b597,1,0,0,0,0,0,0,7,8,8,4,3,0,0,0,0,0
71e79965c75da5beadef84bb90e85ac8,0,0,0,0,0,0,0,6,5,14,2,3,0,0,0,0,0
fd2899fba49792389b004ff5b4edc105,12,8,0,10,0,0,0,0,0,0,0,0,0,0,0,0,0
761ead633066299a844718a936a73d40,3,0,0,0,3,0,3,0,3,5,7,0,0,5,0,0,0
c1ffec3e68d94c905a648e7664c2d2b3,0,0,0,0,0,0,6,0,7,7,3,6,0,0,0,0,0
5d2e49450a273f6c0be13ac0df389082,2,0,0,0,2,0,0,5,2,4,0,8,1,3,0,0,2
29534172d78e3b38b46e63f13802cb38,0,0,0,0,0,0,0,20,0,8,0,0,0,0,0,0,0
8df2b2e6c1cb64bd18b81d5bae7f0898,0,0,0,0,13,0,15,0,0,0,0,0,0,0,0,0,0
5327e163428262c6265b605f3fc3f617,11,0,0,0,8,4,0,0,0,0,0,4,0,0,0,0,0
f22dbe466ab7a6820a3fa8f0c23529d6,5,0,0,0,0,0,0,1,4,5,5,0,3,2,0,0,0
f9e864a4b56320d9a9d165537511a13a,3,0,0,0,0,0,12,4,2,4,0,0,0,0,0,0,0
f946b50381ec921baf3aeb617487cae2,5,0,0,0,0,4,0,0,15,0,0,0,0,0,0,0,0
49ef3ac1550d8b721b9cf05353db4266,2,1,3,5,12,0,0,0,0,0,0,0,0,0,0,0,0
3b6fd7be1d9b5827f77b4942a55be2e3,1,3,3,0,0,0,0,0,2,5,6,0,0,3,0,0,0
1638aa56cb7da424b703873161ce93b5,5,7,4,0,0,0,0,0,6,0,0,1,0,0,0,0,0
3f456a18968cea5c5e549e281f0f5808,2,9,0,0,0,0,0,0,5,2,0,4,0,0,0,0,0
9430299127d3ead3db04bc1987302d9c,2,5,4,4,0,1,0,0,2,0,1,2,0,0,0,0,0
159444bc0b813da46a659d21a4d714fe,2,4,0,0,0,0,6,0,0,4,5,0,0,0,0,0,0
faef71610aa24b3d201ee1da2cce1099,7,0,0,0,0,0,5,0,8,0,0,0,0,0,0,0,0
945184b6386c192c0066e0a98a154780,0,0,7,0,0,12,0,0,0,0,0,1,0,0,0,0,0
3481fa43fe5fba6aecdc7f9aae6ed9c0,2,0,0,9,0,0,0,0,9,0,0,0,0,0,0,0,0
b4289ab0a9a00034c1fbce477b2c4ded,0,0,0,0,6,0,0,0,6,0,2,0,0,0,0,0,6
8f1f0c16b5ae8d0f4a9f295ceefeb311,4,0,0,0,3,0,2,0,6,3,0,2,0,0,0,0,0
d47d8079ce4160fc003bde985b2fba98,2,0,1,0,0,0,4,0,5,3,5,0,0,0,0,0,0
f37fc1dccfeba0004cbeb4f1ad6083c6,0,0,0,0,0,0,0,0,0,14,0,5,0,0,0,0,0
01fab5128a356827231fbacc44b9981a,0,0,0,0,0,0,0,0,0,0,0,0,0,8,0,5,6
d88ed905438959fd8ee98652a99e4ff3,0,0,5,0,0,0,0,0,1,5,0,0,0,8,0,0,0
f0032821fb6aef3771afb4f5d698c64c,6,0,0,0,6,0,0,5,0,0,0,2,0,0,0,0,0
9434f7e486b0c09d19e3db2803d7c3fa,1,0,0,0,3,4,6,0,4,0,0,0,0,0,0,0,0
1de4896460562cae3be7c9d14bfe84cf,0,0,0,0,0,0,0,0,8,0,10,0,0,0,0,0,0
a120ace2823a953a1a8cc10dd9d805e8,4,0,0,0,0,2,5,0,3,0,4,0,0,0,0,0,0
932bc44d957c32c1935fd542c664f02a,2,0,0,7,4,0,0,0,2,0,0,2,0,0,0,0,0
b36023fc56449cdd4e744a34b01598f8,0,0,0,0,0,0,6,0,3,4,4,0,0,0,0,0,0
e4909afbea1157e9a3facb213914e0d8,5,0,0,0,0,0,0,0,1,3,1,5,0,1,0,1,0
9233e5ddae8fe129db164d1590905605,3,0,3,3,2,0,0,0,1,0,0,3,0,0,0,1,0
af767841e471a66891128768eb008fdc,0,0,0,0,0,0,0,0,0,0,5,5,0,0,5,0,1
1bf28b748e78c1e80fc6df716c119bf6,4,0,0,7,0,0,0,0,4,0,0,0,0,0,0,0,0
113381e3893ed86fffe77e3fce5dd07f,4,4,0,0,0,0,0,0,0,7,0,0,0,0,0,0,0
a8f6760bd4378818c3baa8a9129cd930,1,0,0,9,5,0,0,0,0,0,0,0,0,0,0,0,0
40f03404f784dbfb7416525222e6ab20,4,1,0,0,3,0,0,0,4,0,0,2,0,0,1,0,0
509eaeea5d891500059f3b856822c912,4,0,5,1,4,0,0,0,0,0,0,0,0,0,0,0,0
1b03c73f2f3a077f62d8bca857ea87b4,6,0,0,0,0,0,0,5,3,0,0,0,0,0,0,0,0
26b6d555823c43ff253ff556cd2a30f1,1,0,0,0,0,0,0,7,3,3,0,0,0,0,0,0,0
ecf34002e3cda4cc1ac3054b88d02335,3,0,6,0,0,0,0,0,0,0,2,0,0,2,0,0,0
79446e81bd023ac5680a8bf364e0e92a,0,0,0,0,0,6,0,2,2,0,1,2,0,0,0,0,0
007978dab7aed7eb4d5ffff337638bd2,2,0,0,0,0,0,0,5,0,4,1,1,0,0,0,0,0
cae33a7d5f2c2e4efab7a096e71afddf,5,0,0,0,0,0,8,0,0,0,0,0,0,0,0,0,0
47f21000b88faf8a0d4a06f8961990b9,0,0,0,0,0,0,0,1,1,4,0,1,0,0,0,0,5
a080a409c3444a2a2ebd1d7716b1b32f,0,0,0,0,0,0,0,0,12,0,0,0,0,0,0,0,0
d118854b81e1eb3096a5f8f78036b3cd,0,0,0,0,0,0,0,3,2,7,0,0,0,0,0,0,0
c9049202e37dc92d62a254da16a71985,2,5,5,0,0,0,0,0,0,0,0,0,0,0,0,0,0
28a343f8e68bb8e40238d3e9d03894bc,2,0,4,0,0,0,0,0,1,2,0,3,0,0,0,0,0
3bfe59464b0d58d1512685abdccb124d,1,0,4,3,0,0,0,0,0,0,4,0,0,0,0,0,0
9c23c8201866799f614a01493a6c03ba,3,0,0,0,0,3,0,0,0,6,0,0,0,0,0,0,0
1dfbbb0e3e17e809cf3bb4c95c673751,0,0,2,0,0,0,0,0,1,3,2,2,1,0,0,0,0
a652f496fb4f9105e6797d717c3926ef,0,0,0,0,0,5,0,0,1,5,0,0,0,0,0,0,0
3d5855852ed2cb0724ebaecac1c0cb35,1,0,0,0,3,0,0,0,2,0,2,0,0,0,0,0,3
737b297f07a3f031c6f4ec41a6ba9dab,0,0,0,0,0,0,0,0,7,4,0,0,0,0,0,0,0
c2b524b593511377e6937d7d94b8611f,0,0,0,0,0,0,11,0,0,0,0,0,0,0,0,0,0
94007ade29ecc38144b271031538f431,1,3,0,0,0,0,4,0,3,0,0,0,0,0,0,0,0
ad07e5885874179952e16bf2f7bb57b3,0,0,0,0,0,0,0,10,0,0,0,0,0,1,0,0,0
c969bfaa705cf93b9c3df9868d0efd29,6,0,0,0,0,0,0,0,4,0,0,0,0,0,0,0,0
59786a380d10830b9e9990260b401ee5,5,0,0,0,0,0,0,0,0,3,2,0,0,0,0,0,0
2815815189bb8b00c9c20d6409117046,0,0,0,0,0,10,0,0,0,0,0,0,0,0,0,0,0
4485f750175074a24832e0b4f4511de5,0,0,0,0,0,0,0,0,10,0,0,0,0,0,0,0,0
e832bb509af98bf15c612c4f7eb691cb,0,0,0,0,0,0,0,0,2,2,0,2,4,0,0,0,0
eb5566411a98964873c995c18df4ce7c,10,0,0,0,0,0,0,0,0,0,0,0,0,0,0,0,0
7dca8eb0cf60b1afdec96cb5b47e2e96,1,0,0,0,0,1,0,0,4,0,0,0,1,1,0,0,2
8aaecbcc8af4cba72ae7521704416a37,2,0,0,0,0,0,8,0,0,0,0,0,0,0,0,0,0
06620bf0b3fe7526e28ace17a2b9624e,0,0,0,0,0,0,0,3,0,2,0,4,0,0,0,0,0
2b34c3e9694bcb0f67be599f587521f1,2,0,0,1,0,0,0,0,3,0,0,3,0,0,0,0,0
31b23df96901a1bd5e1959c8ef4e0331,2,0,0,0,0,1,0,0,0,0,6,0,0,0,0,0,0
2bce2c03a49a801da9460b2b3b98bc70,0,0,0,0,0,0,2,0,0,0,0,7,0,0,0,0,0
d829bee4984f82ffc2453212157caf96,0,0,0,0,0,0,0,4,0,5,0,0,0,0,0,0,0
ad9e0017fee8f1eaaf3c142b2c9fa459,0,0,0,0,0,0,0,1,1,5,2,0,0,0,0,0,0
269fe66ba4ebf844790d45cb44007e8f,9,0,0,0,0,0,0,0,0,0,0,0,0,0,0,0,0
1b89949a3c3ac8ca4371667ee203afcf,1,0,0,0,0,0,0,8,0,0,0,0,0,0,0,0,0
c428552adab88738378b4fd67be5faeb,0,0,0,0,0,0,0,0,0,6,3,0,0,0,0,0,0
15d33303de8a2df0d68b1f0c198e38e4,1,0,0,0,0,2,1,0,5,0,0,0,0,0,0,0,0
cc4fa9a30fb72ffe2170c798191b1aba,0,0,0,0,0,0,0,8,0,0,0,0,0,0,0,0,0
6aae9a17fbd9c7a4f55a65ef18d63320,0,0,0,0,0,0,0,0,0,0,0,4,0,4,0,0,0
2fcf4b575901d3f1184884f4b4319d2c,0,0,0,0,0,0,8,0,0,0,0,0,0,0,0,0,0
bebe0d7fb3dcb52b47fa05da386d8420,0,0,0,0,0,0,4,0,0,0,4,0,0,0,0,0,0
5ea0bf135f2f2672d53a02c147038fd7,1,0,0,0,0,5,0,0,2,0,0,0,0,0,0,0,0
4379fd2009ced9128218c7fa7cdbdda4,4,0,0,0,0,0,0,0,0,3,1,0,0,0,0,0,0
6c4615f252677b1784e22fdc5645921d,3,0,0,0,5,0,0,0,0,0,0,0,0,0,0,0,0
494db538559fffe9f1233e228cf3b4e0,0,0,0,0,0,0,5,0,3,0,0,0,0,0,0,0,0
d1e07c73ad801203d4e9301d0885c452,1,0,0,0,0,0,0,4,0,3,0,0,0,0,0,0,0
4e13a88e53218d14be546cb458cf87cf,4,1,0,0,0,0,0,3,0,0,0,0,0,0,0,0,0
f1dbe0f3476c8b5948f8c288ba17e015,0,0,0,0,0,0,0,0,0,0,0,0,0,0,0,8,0
9c261b045dc0da456ed27b6bf7b59d74,0,0,0,0,0,0,0,0,0,0,8,0,0,0,0,0,0
4f39e6542d2c7eacb72bb4c97944d169,1,1,2,2,0,0,0,0,1,0,0,0,0,0,0,0,0
bdbeb6ce61f002f07064ecc8dd70dbd5,2,5,0,0,0,0,0,0,0,0,0,0,0,0,0,0,0
e4a5397287ad43e9a3107baa19ba7f18,4,0,3,0,0,0,0,0,0,0,0,0,0,0,0,0,0
6ec6560cc6192c437db3fd8c5824b7e1,0,0,0,0,0,0,0,0,0,5,0,2,0,0,0,0,0
5d485a492953c7955cd3caf340abfbda,0,0,0,0,0,0,0,0,7,0,0,0,0,0,0,0,0
7c7c7761ed1d350dd250d3bf1f131073,0,0,0,0,0,0,0,0,3,4,0,0,0,0,0,0,0
18a980ed927822f60eebf93600ee8ff4,0,0,0,0,0,0,0,0,3,4,0,0,0,0,0,0,0
263e41ea2c25dc87bd2ff5910cf30d40,0,0,0,0,0,0,0,0,0,0,0,7,0,0,0,0,0
fac5a6074067436b79e49c0a86a84fdc,0,0,0,0,0,0,7,0,0,0,0,0,0,0,0,0,0
6ee9a1e48df1257049776851d55dbb69,0,0,0,0,5,0,0,2,0,0,0,0,0,0,0,0,0
2872e7cab81214aa8d18054fa4e095a1,0,0,0,0,0,0,7,0,0,0,0,0,0,0,0,0,0
93fcca76cfd2a643a9b514e00e3d816f,0,0,0,0,0,0,0,5,0,0,2,0,0,0,0,0,0
0df7af542d6bc4b784421e3963761aa1,0,0,0,0,0,0,0,0,7,0,0,0,0,0,0,0,0
318731df8b5243f85b944770513f061e,0,0,0,0,7,0,0,0,0,0,0,0,0,0,0,0,0
02cbeba62c5f39917f0503ba21755b93,0,0,0,0,0,0,0,4,0,3,0,0,0,0,0,0,0
24aa8d5045ca08d94ba414f4d33c2ae8,1,0,0,4,0,2,0,0,0,0,0,0,0,0,0,0,0
452f8b97434b4307c2fa6604d2505a5e,0,0,0,0,0,0,0,0,7,0,0,0,0,0,0,0,0
7483b49fd3c2e40e8f02f09a4ac8c83d,0,0,0,0,0,0,0,0,7,0,0,0,0,0,0,0,0
553b1a55c324a2153f749c3ff0fcaa4e,6,0,0,0,0,0,0,0,0,0,0,0,0,0,0,0,0
37613602e374a10ed0f20221fa4b7f15,0,0,0,6,0,0,0,0,0,0,0,0,0,0,0,0,0
437cae3d52e0e623c0dab0d9009e5913,0,0,0,0,0,0,0,0,6,0,0,0,0,0,0,0,0
b6e278bd7cd9488bbd24abc5468f839a,0,0,0,0,0,0,0,0,5,1,0,0,0,0,0,0,0
e783d831b37389598a6af3988dfecf57,0,0,6,0,0,0,0,0,0,0,0,0,0,0,0,0,0
107273e73071282e4d0f4a0b46548da5,6,0,0,0,0,0,0,0,0,0,0,0,0,0,0,0,0
157300dd035e0b4c4baafe1a3bc130da,0,0,0,0,0,0,0,0,0,6,0,0,0,0,0,0,0
b590f4c2f8a5c42329f1fef8c6d55035,0,0,0,0,0,0,0,0,0,0,6,0,0,0,0,0,0
9c91506fcfd87e77a22d522610432f77,6,0,0,0,0,0,0,0,0,0,0,0,0,0,0,0,0
ffde3529c33d8e46749ad0e54a94df23,2,0,0,1,0,0,0,0,0,0,0,0,0,3,0,0,0
0fb821fa8fe1baa28eadd4d3943d1f39,1,0,0,0,0,0,0,2,2,0,0,1,0,0,0,0,0
8375b47f50ee3b002fe82bfe00409092,0,0,0,0,0,0,2,0,0,4,0,0,0,0,0,0,0
d494b4cf38ff626021577e5731796ea4,4,0,0,2,0,0,0,0,0,0,0,0,0,0,0,0,0
1933ac7e5faf6244d1cfacf7e2f962b0,0,0,0,0,0,0,0,0,0,0,6,0,0,0,0,0,0
8db9e149f87e73a0f3244bc1d6a548b2,0,0,0,0,0,0,3,0,3,0,0,0,0,0,0,0,0
50be1cc8e0a17ff2c871418fce496b49,0,0,0,0,0,0,2,0,0,0,4,0,0,0,0,0,0
86ea9e167839493e3a6693ee860e9e6f,0,0,0,0,0,0,0,0,5,0,0,0,0,0,0,0,0
9a3448f8e321e17c10ac3b21ec325e39,0,0,0,0,0,5,0,0,0,0,0,0,0,0,0,0,0
8647a29076210fa07232f69849e6aa1f,0,0,0,0,5,0,0,0,0,0,0,0,0,0,0,0,0
409006fd388ce855971885b3a706d833,0,0,0,0,0,0,0,5,0,0,0,0,0,0,0,0,0
6502fcacc541cb84fa90daae75026392,0,0,0,0,0,0,0,5,0,0,0,0,0,0,0,0,0
f902de6098ca3570608e576b6658d8c5,0,0,0,0,0,0,0,0,0,2,3,0,0,0,0,0,0
59ec246a162831f517ffcb0db19f14af,0,0,0,0,5,0,0,0,0,0,0,0,0,0,0,0,0
4cac15127ed34488cb0082b088205704,0,0,0,0,0,0,0,5,0,0,0,0,0,0,0,0,0
e2a35867731fb073463f823bb3f063d2,5,0,0,0,0,0,0,0,0,0,0,0,0,0,0,0,0
697505aa8b446bbb14ec87697af83ba5,0,0,0,0,0,0,5,0,0,0,0,0,0,0,0,0,0
6fa38aed426f27bcdd42ce582fd293c3,0,0,0,0,0,3,0,0,0,0,0,2,0,0,0,0,0
f91201adfe8be6ff17177daa8bb13518,0,0,0,0,0,0,0,5,0,0,0,0,0,0,0,0,0
7e4cd7f8b39acde4326460b77f8e203f,3,0,0,0,0,0,2,0,0,0,0,0,0,0,0,0,0
053c09f43a8ca677723e10f2650f95aa,0,0,0,0,0,0,0,0,1,0,4,0,0,0,0,0,0
4ad7d9bc50cb54458cb26233f147fb0c,0,1,4,0,0,0,0,0,0,0,0,0,0,0,0,0,0
0474a04e496a887e5436eee26fafeda0,0,0,0,0,0,0,0,0,0,0,0,5,0,0,0,0,0
f609698e16aa0ceed8b7241f2f630790,0,0,0,0,0,0,0,0,4,1,0,0,0,0,0,0,0
070fc272903ae7ea02e3a26448029004,1,0,0,0,0,2,0,0,2,0,0,0,0,0,0,0,0
9be6210261a8b6e9574a41d62754fc2e,0,0,0,0,0,0,0,5,0,0,0,0,0,0,0,0,0
82db7380eefaef98e650944e96daf7e9,0,0,0,0,0,0,0,0,0,0,0,0,0,0,5,0,0
a6aa5760f22ebe35f241dabc7c80df92,0,5,0,0,0,0,0,0,0,0,0,0,0,0,0,0,0
8eaa747c0358556560585b2bbaffe252,0,0,0,0,0,0,0,0,4,0,1,0,0,0,0,0,0
0ea596fe64ce496e560a07b83801bf0a,0,0,0,0,0,0,0,3,0,2,0,0,0,0,0,0,0
fb85be885f7b6939516a5811d48f8335,1,0,0,0,0,0,0,0,2,2,0,0,0,0,0,0,0
02f9203a0721d9f8e1449fc1dd126966,2,0,0,0,0,0,0,0,0,0,0,3,0,0,0,0,0
b9f154663a53f22cd5766279276ad03b,0,0,0,0,0,0,0,0,0,5,0,0,0,0,0,0,0
0cb2692fb62fbbf0d451727dce3ff98d,0,0,0,0,5,0,0,0,0,0,0,0,0,0,0,0,0
6c13e1ca4ca794eb2dc44429a68275ae,0,0,0,0,5,0,0,0,0,0,0,0,0,0,0,0,0
cff904a5584fa97ecb015aa9981c54bd,0,0,0,0,0,0,3,0,2,0,0,0,0,0,0,0,0
a782aa30ba429a0fc4cdc70c300227f3,0,0,0,0,0,0,0,5,0,0,0,0,0,0,0,0,0
f6029a0964083d893c88ff8ca1a1b877,0,0,0,0,0,0,5,0,0,0,0,0,0,0,0,0,0
8486668584650c491a5e6ffb7ada8c4f,3,2,0,0,0,0,0,0,0,0,0,0,0,0,0,0,0
671c9e63ec581a926647aa9e55b69ce9,0,0,0,0,0,0,0,0,0,0,1,0,0,4,0,0,0
03d5bd5fdfb65e8a115b7eebc44ceac4,4,0,0,0,0,0,0,0,0,0,0,0,0,0,0,0,0
7246f2cff9c954449d6eb7534dda92ea,0,2,0,0,0,0,0,0,0,0,2,0,0,0,0,0,0
8a26efa88983056f2e12d8d4320f1be0,0,0,4,0,0,0,0,0,0,0,0,0,0,0,0,0,0
e0112473f91d74a9e0b36bda66d007e6,0,0,0,0,0,0,0,3,0,1,0,0,0,0,0,0,0
ad21433cd7eaebda836af769c0c65962,0,0,0,0,4,0,0,0,0,0,0,0,0,0,0,0,0
0a714b58e2dff1c534b4be7a8550bec3,0,0,0,0,0,0,0,0,0,0,0,0,0,4,0,0,0
787c52825ad06ecef6e6447dbb51185f,0,0,0,0,1,0,0,0,0,3,0,0,0,0,0,0,0
a6f7afcf5a78ba17e54e9b0f807c0d3e,0,0,0,0,0,0,0,4,0,0,0,0,0,0,0,0,0
e108a9fe69993777a07aaddcfd9efcd3,0,0,0,0,0,0,0,0,0,0,0,0,0,0,4,0,0
987869ff61a2f9aa291a016392a0b72d,0,3,0,0,0,0,0,0,0,0,1,0,0,0,0,0,0
4521a3276e730b362d95db8e263e4b4a,0,0,0,0,0,0,0,0,0,0,0,4,0,0,0,0,0
16026e38499f6de9d0229898fd882fc5,0,0,0,0,0,0,4,0,0,0,0,0,0,0,0,0,0
7a54707239b322fc71b3d0b8f4c6e655,0,0,0,0,0,0,0,1,3,0,0,0,0,0,0,0,0
05d385f8260362e624138cae31e3f909,0,4,0,0,0,0,0,0,0,0,0,0,0,0,0,0,0
51ae3f951d5da2eb1cb820d4e69f35a2,0,0,0,4,0,0,0,0,0,0,0,0,0,0,0,0,0
8791e7a2c0c4d463fa2d938462ddaa47,0,0,0,0,0,4,0,0,0,0,0,0,0,0,0,0,0
26d7569ccfb7f20a444190c8f97ef606,0,0,0,0,0,0,0,0,0,4,0,0,0,0,0,0,0
bcd2a540066ab78c8a444e7534238c86,0,3,0,0,0,0,0,0,1,0,0,0,0,0,0,0,0
de8e378b218a00d3550acae409a8d118,0,4,0,0,0,0,0,0,0,0,0,0,0,0,0,0,0
8035208e313915212b14d54b6e4b320e,0,0,0,0,0,0,4,0,0,0,0,0,0,0,0,0,0
03c351c76c14ec2e586f2d99fbd0bff3,0,0,0,0,0,0,0,4,0,0,0,0,0,0,0,0,0
e8ba55147b9ad20fb841ceac97fd8259,0,0,0,0,0,0,0,0,0,0,4,0,0,0,0,0,0
1d145835e7f0188562322f4eefb02657,0,0,0,0,0,0,0,0,0,0,4,0,0,0,0,0,0
8a708778e5a5f5a6d79a3923406f7fca,4,0,0,0,0,0,0,0,0,0,0,0,0,0,0,0,0
67d47b5fbce84d2de37cdb16a42cefc2,0,0,0,0,0,0,0,0,4,0,0,0,0,0,0,0,0
f39fbafdbc6aba623f1e1a7dd409c7fd,0,0,0,0,0,0,0,0,4,0,0,0,0,0,0,0,0
5a715d5203f0606eea5fc74d02ff7d10,0,0,0,0,0,0,0,4,0,0,0,0,0,0,0,0,0
34b8c21c638b82229dd91028d5d5f28b,0,0,0,0,0,0,4,0,0,0,0,0,0,0,0,0,0
07f99fb784f40642f9713e217b9008d1,0,0,0,0,0,0,0,0,0,0,0,4,0,0,0,0,0
71eb34b47beec451b818974d6da18bdd,0,0,0,0,0,0,0,0,2,0,2,0,0,0,0,0,0
0202d02690b13876befe4cb198a29777,0,0,0,0,0,4,0,0,0,0,0,0,0,0,0,0,0
3accf19dc4cfadc96257705f766f44dc,0,3,0,0,0,0,0,0,0,1,0,0,0,0,0,0,0
347eadb9c31e728df4865beb3d73d74e,2,0,0,0,0,0,2,0,0,0,0,0,0,0,0,0,0
f2dbe887faa45c96eda7c9c8ae55c3b8,0,0,0,0,0,0,4,0,0,0,0,0,0,0,0,0,0
7d5f671eabffd7d653d18e5598a30d17,0,0,0,0,0,0,0,4,0,0,0,0,0,0,0,0,0
7e22bbb5d5c48a262e695357791d4ed9,0,0,0,0,0,0,0,0,0,0,0,4,0,0,0,0,0
c1ee0c7bd2a5652c66779004eebac27c,0,0,0,0,0,0,0,0,0,0,0,4,0,0,0,0,0
aa8553ebd7e5dcc37bd9437e0cbe425e,4,0,0,0,0,0,0,0,0,0,0,0,0,0,0,0,0
d41f6177db9a23f2c043d85c86823523,2,2,0,0,0,0,0,0,0,0,0,0,0,0,0,0,0
90cd4ed839bc9a7b90f593d23ad175e8,0,0,0,0,0,0,0,0,0,4,0,0,0,0,0,0,0
f5c1b0454aa31d567877d74dd786d3ba,0,0,0,0,0,0,0,0,1,3,0,0,0,0,0,0,0
e906d71b828d6c2eaeb89ec0b71b8522,0,0,0,0,4,0,0,0,0,0,0,0,0,0,0,0,0
8d987e5b7ae8b6da38ce5a4c22121b3e,3,1,0,0,0,0,0,0,0,0,0,0,0,0,0,0,0
194c1159c2f83a611f2fd4ff6e88d3d2,0,0,0,0,0,0,4,0,0,0,0,0,0,0,0,0,0
a35b2549d34e0cf52f2ff3b76fa35cf8,0,0,0,0,0,0,0,0,4,0,0,0,0,0,0,0,0
c6fb5263d12a241ac755cdf27df9f9a2,0,4,0,0,0,0,0,0,0,0,0,0,0,0,0,0,0
da4e489e3b71d1b9b24db9ccb93371e9,0,0,0,0,0,0,0,4,0,0,0,0,0,0,0,0,0
0a55cf6879d916c50c1df617ff5a436a,0,0,0,0,0,0,0,4,0,0,0,0,0,0,0,0,0
45655760a4620854ce13238384240abe,0,0,0,0,4,0,0,0,0,0,0,0,0,0,0,0,0
396caae51c8f5b68846676103c3bb450,0,0,0,0,0,0,4,0,0,0,0,0,0,0,0,0,0
19f9f30d5492ed1f3f968da3d20389b1,0,0,0,0,0,0,0,0,4,0,0,0,0,0,0,0,0
58fa394398365fc5b1b1c595c5f74a0a,0,0,0,3,0,0,0,0,0,0,0,1,0,0,0,0,0
3c3861c581adf9b8a8cf01f20fdbaf2c,0,1,0,0,0,2,0,0,0,0,0,0,1,0,0,0,0
418a2b59699a7eda352ca210814e0086,0,0,0,0,4,0,0,0,0,0,0,0,0,0,0,0,0
6743d86267388e74225887defac3e471,4,0,0,0,0,0,0,0,0,0,0,0,0,0,0,0,0
b135fbde5a9c861d458a21258afbda94,2,0,0,0,0,0,0,0,0,0,2,0,0,0,0,0,0
c2c77b8e88e01012f801f28aa18bc08c,0,0,0,3,0,0,1,0,0,0,0,0,0,0,0,0,0
68bcd8805e49c819041cec620e13805f,0,0,0,0,3,0,0,0,0,0,0,0,0,0,0,0,0
cd37e3b7102cf737f4e3715bfa2767b5,0,0,0,0,0,0,0,3,0,0,0,0,0,0,0,0,0
09e941a637a7c8284e4e84853cf5b804,0,0,0,0,3,0,0,0,0,0,0,0,0,0,0,0,0
74757d3b4b6f7324b55d4873d1c2c43b,3,0,0,0,0,0,0,0,0,0,0,0,0,0,0,0,0
51b17b26ba159cede861e432262f0e8c,0,0,0,0,0,0,2,0,1,0,0,0,0,0,0,0,0
b5da70304926e3dcc581fce312054d02,1,0,0,0,0,0,0,0,0,2,0,0,0,0,0,0,0
1b03d86a9059ed4cc9dd84b659d785dc,1,0,0,0,0,0,0,0,0,0,0,0,0,0,2,0,0
93c9e1a5ad3c61e3b62277645edff0dc,0,0,0,0,0,0,0,0,0,0,3,0,0,0,0,0,0
3dfa8df2687d92ac8b25a5b1b107b1f0,3,0,0,0,0,0,0,0,0,0,0,0,0,0,0,0,0
f73a514dc412befd0f1e0a42e7e3e476,0,0,0,0,3,0,0,0,0,0,0,0,0,0,0,0,0
eec38684d93d85cbcb4767d988c263d6,0,0,0,0,0,0,0,3,0,0,0,0,0,0,0,0,0
a22f45b8a52fe5eaabfaa608c9a99c23,0,0,0,0,0,0,0,0,0,0,0,3,0,0,0,0,0
bc4afe0a46c7f6403634997e40a1e7ff,0,1,0,0,0,0,0,0,0,0,2,0,0,0,0,0,0
6836b2caf6a0afb621e0c28629cdc889,1,0,0,0,0,0,0,0,0,0,0,2,0,0,0,0,0
3a254346bd1991847b7272974a518925,0,0,0,0,0,0,0,3,0,0,0,0,0,0,0,0,0
09b3ae637e15bbfc9f967f2628d0c1e5,0,0,0,0,0,0,0,0,3,0,0,0,0,0,0,0,0
60b7dd5e56c47ea36bbaf6233022f67f,1,0,0,0,0,0,0,2,0,0,0,0,0,0,0,0,0
659604678972b48a218d5707eb070e10,0,0,0,0,0,0,0,0,3,0,0,0,0,0,0,0,0
8f467a1986706d227431021c258caaf9,0,0,0,0,0,0,0,0,0,0,0,0,0,0,0,0,3
9162a2a370b1432378e0b00b408d8200,0,0,0,0,0,0,0,0,0,0,0,0,0,0,3,0,0
3dfd1941c2b01116a2f0c14d277b7312,0,0,0,0,0,0,0,0,0,0,0,0,0,0,0,3,0
e390c9c0c3358a0d0b8f272821e949ea,0,0,0,0,0,0,0,2,0,1,0,0,0,0,0,0,0
79029fa983ec4eda60117a273a52cfc0,0,0,0,0,0,0,0,0,0,0,3,0,0,0,0,0,0
adfd3db87ce80da9d36b211966adb791,0,0,0,0,0,0,0,3,0,0,0,0,0,0,0,0,0
1f58f5c15ca292b75ca63ce317b1b712,0,0,0,3,0,0,0,0,0,0,0,0,0,0,0,0,0
1ee88facc918c8c716f8e55e61ec4376,0,0,3,0,0,0,0,0,0,0,0,0,0,0,0,0,0
6e837d54e5346d9e165431ee0929aae0,0,0,0,0,0,0,0,0,0,3,0,0,0,0,0,0,0
095dcca0a1cacb655451100eb59c8ef1,0,0,0,0,0,0,3,0,0,0,0,0,0,0,0,0,0
f92b97926565d3534540356ddcb37cb2,0,0,0,0,3,0,0,0,0,0,0,0,0,0,0,0,0
5e11e756775e843887cee96f3698bc82,0,0,0,0,0,0,3,0,0,0,0,0,0,0,0,0,0
a43104dcee2048ad98d8586967a4dbaa,0,0,0,0,0,0,0,0,0,3,0,0,0,0,0,0,0
26b36ce178d7077c96a62de9701f7c3a,0,0,0,0,0,0,0,3,0,0,0,0,0,0,0,0,0
d8fcbd135a0870e607b56512eef35bc4,2,0,0,0,0,0,0,0,1,0,0,0,0,0,0,0,0
a32daa4936c79787dec61336516e0014,0,0,0,0,0,0,0,0,0,0,0,3,0,0,0,0,0
768d126c1ae3ff037bd3678cdcc0335e,0,0,0,0,0,2,0,0,1,0,0,0,0,0,0,0,0
07892ea8d4444d9f9e5507213fc13d4f,1,0,0,0,0,0,0,2,0,0,0,0,0,0,0,0,0
45b1b0698d69b97c0f1a04216203ea14,3,0,0,0,0,0,0,0,0,0,0,0,0,0,0,0,0
10aa3fe0c9285b3a9bb386ecca984c5b,0,0,0,0,0,0,0,0,0,0,0,0,0,3,0,0,0
0090b6c69e484667f923767fe7babd21,0,3,0,0,0,0,0,0,0,0,0,0,0,0,0,0,0
07d5b414e682831def7740ff3b0f4e05,0,0,0,0,0,0,0,0,0,0,0,3,0,0,0,0,0
79c9235ff041fe76f6dc89a18c5a222a,0,0,0,0,0,0,0,0,1,0,2,0,0,0,0,0,0
67aa187e7915900cc6979df994fc867c,2,0,0,0,0,0,0,0,1,0,0,0,0,0,0,0,0
8702cb67ad5c802363238c946f1792e2,0,0,0,0,0,0,0,2,0,0,0,1,0,0,0,0,0
c13d6c2cadba7bd98e1d6982c38cc2e2,0,0,0,0,0,0,0,0,0,0,3,0,0,0,0,0,0
61b1eff5cdde863a62313a23a2163d9d,0,0,0,0,0,0,0,2,0,0,0,1,0,0,0,0,0
772ccec897aa13ca7458f659e3a6470c,0,0,0,0,0,0,0,0,3,0,0,0,0,0,0,0,0
f4dfcc1055f7e4e1ca4860e2363c3424,0,0,0,0,0,0,1,2,0,0,0,0,0,0,0,0,0
eed757da9e4cc61c013751ecb940155f,2,0,0,0,0,0,0,0,0,0,0,1,0,0,0,0,0
6b9141106e764b5efbfa24fdb03b8b79,3,0,0,0,0,0,0,0,0,0,0,0,0,0,0,0,0
ae608dccffcb0690c6625b4025e3e829,0,0,0,0,0,0,0,0,0,0,3,0,0,0,0,0,0
e7e0b9ffabbd2fdde7cd60b2f9ec13b0,0,0,0,0,0,0,0,0,0,0,3,0,0,0,0,0,0
8086224289d38e07f3f591f75ee8d577,1,0,0,0,0,0,0,0,0,0,0,2,0,0,0,0,0
b5404235792bb1ca0d7a6f2fa0c7fa82,0,0,3,0,0,0,0,0,0,0,0,0,0,0,0,0,0
59dcf7ec9c94e2bbc2cd71132baa2f2b,0,0,0,0,0,0,0,3,0,0,0,0,0,0,0,0,0
c9160dc1dad895f710f58c2cfbabbafd,0,0,0,0,0,0,0,3,0,0,0,0,0,0,0,0,0
fd1ee0b067e90f09846e374fa37cc262,0,0,0,0,0,0,0,0,3,0,0,0,0,0,0,0,0
68d4cd5cb30fe81b0ba79de79bb49fe3,0,0,0,0,0,0,0,0,3,0,0,0,0,0,0,0,0
483e20e68bd99b5c15cd9bfc6c6e13dd,0,0,0,0,3,0,0,0,0,0,0,0,0,0,0,0,0
914bd69bb72956f1874dcd80eeacc103,0,0,0,0,0,0,0,0,3,0,0,0,0,0,0,0,0
bceddcb31e058b7d9397066a7ff405e6,0,0,0,0,0,0,0,3,0,0,0,0,0,0,0,0,0
8f813280e8cc1c972cdf97b409fa6840,0,0,0,0,0,0,0,0,0,0,0,3,0,0,0,0,0
698d3fa0dde541f644e570eb403563f6,0,0,0,0,0,0,0,1,0,2,0,0,0,0,0,0,0
f3357a0594408ba63d9ed4475a58cb5c,0,0,0,0,0,0,3,0,0,0,0,0,0,0,0,0,0
cb482446f0df366b3a9fcfed56fe2c2c,0,0,0,0,0,0,0,0,0,0,3,0,0,0,0,0,0
3b1097b7d667177f980eb5b947f1f7ad,0,0,0,0,0,0,0,3,0,0,0,0,0,0,0,0,0
198fe54f097928b335fbff8c1d6209d9,0,0,0,0,0,0,0,3,0,0,0,0,0,0,0,0,0
283b3d3e431441fb0c3c35eeb14b444e,0,0,3,0,0,0,0,0,0,0,0,0,0,0,0,0,0
cdcc3afd3d944a689480601359e3c039,0,3,0,0,0,0,0,0,0,0,0,0,0,0,0,0,0
7ef5c30a4b97417bc8bee8d2fd5e75fd,2,0,0,0,0,0,0,0,0,0,0,0,0,0,0,0,0
aecdf2c7b0c2b04c34ef25bd047e4526,0,0,0,0,2,0,0,0,0,0,0,0,0,0,0,0,0
34cc7bfa46cf88cd6bc68800a7420c1a,2,0,0,0,0,0,0,0,0,0,0,0,0,0,0,0,0
d75e413ed67d214101719309ae108092,0,0,0,0,0,0,0,0,0,0,0,2,0,0,0,0,0
46fb6c61bd3da2ee1f0f902e3c3ed855,2,0,0,0,0,0,0,0,0,0,0,0,0,0,0,0,0
264dab11766c188cdbdb62a233fa738f,0,0,0,0,0,0,0,0,0,0,0,0,2,0,0,0,0
f6993beabadbc2d48cde2242c9c0ee72,0,0,0,0,0,0,0,0,0,2,0,0,0,0,0,0,0
7cc39c0c300f2294afb962e5a1f01b7f,0,0,0,0,0,0,0,2,0,0,0,0,0,0,0,0,0
26afc91fa6959793953f6ea36e75f865,0,0,0,0,0,0,0,2,0,0,0,0,0,0,0,0,0
532891f62eb8f52c690f9263c9fb80d3,0,0,0,0,0,0,0,0,0,0,0,2,0,0,0,0,0
c6a1abf2288f0af3d37bf4015c4153c0,0,0,0,0,0,0,0,0,0,0,0,0,0,0,0,2,0
7f1bb70a3860d2bb0d2f3ab92c6341a3,0,2,0,0,0,0,0,0,0,0,0,0,0,0,0,0,0
dfc6c41fc8f0213cef97dc49b1d21daa,0,0,0,0,0,0,0,0,0,0,0,2,0,0,0,0,0
a8fc0190242a0c08b4cab426bedd08e7,0,0,0,0,0,0,0,0,0,0,0,0,0,2,0,0,0
268188c6e7bbc5bc6398f12c4405cdbd,0,0,0,0,0,0,2,0,0,0,0,0,0,0,0,0,0
c2d8e951da82b317976fd2e36a66211c,0,0,0,0,0,0,0,2,0,0,0,0,0,0,0,0,0
7492ebde5366de62c71626c385ee7284,0,0,0,2,0,0,0,0,0,0,0,0,0,0,0,0,0
f872c03e9e783fe938a03ae69d093916,0,0,0,2,0,0,0,0,0,0,0,0,0,0,0,0,0
647b46bc5fa0fadf81008c9a121c2dd2,0,0,0,0,0,0,0,0,0,0,0,0,0,0,0,2,0
40a5c8768a1675dee967a388817bc1c7,0,0,0,2,0,0,0,0,0,0,0,0,0,0,0,0,0
dd33e5ccad733c1fba09fc342341bd6b,0,1,0,0,0,0,0,0,0,0,0,1,0,0,0,0,0
761e2af683301b359aaae563e8eec4e0,0,2,0,0,0,0,0,0,0,0,0,0,0,0,0,0,0
a16ab965f2a8f07cc6ee10b718720789,2,0,0,0,0,0,0,0,0,0,0,0,0,0,0,0,0
ee705bbea43c68a47a9c2ba41efa2067,2,0,0,0,0,0,0,0,0,0,0,0,0,0,0,0,0
294c12d6881a2ed67aa1557cda9889ff,0,0,0,0,0,0,0,0,0,0,0,2,0,0,0,0,0
13611c820c87106ea4928bf94b887001,0,0,0,0,0,0,0,0,2,0,0,0,0,0,0,0,0
468dc5534c50832cd6741b32821615a8,0,0,0,0,0,0,2,0,0,0,0,0,0,0,0,0,0
f64e8d958cdcb057a6580e60f7ac5a48,0,0,0,0,0,0,0,0,0,0,2,0,0,0,0,0,0
b940a737dc5f3d478513a8c79b1b97b9,0,0,0,0,0,0,0,0,0,0,0,2,0,0,0,0,0
efc0c2b2d4a54f3521fbf26ce1ea5744,0,0,0,0,0,0,0,0,0,2,0,0,0,0,0,0,0
05caaa47d22f303c86adf9c39cefcb09,0,0,0,0,0,0,0,0,0,0,0,0,0,2,0,0,0
28c27cab84f596d9b11f7465688fbca9,0,0,0,0,0,0,0,2,0,0,0,0,0,0,0,0,0
436019fbe881f0393e69a64d44865997,0,0,0,2,0,0,0,0,0,0,0,0,0,0,0,0,0
e3f12854c3e9aa1ccf25b5022316be45,0,0,0,0,0,0,0,0,2,0,0,0,0,0,0,0,0
f92f984472f5f047a89025572d777c1b,0,0,0,0,0,0,0,0,2,0,0,0,0,0,0,0,0
8faf6916875b4a3437a6a10881d85cbe,0,0,0,0,0,1,0,0,0,0,0,0,0,0,0,1,0
684006577d1f98f511a9178fa8d4d0e4,0,0,0,0,0,0,0,2,0,0,0,0,0,0,0,0,0
5b2655bcc463027d74c3eac25ee2a1d0,0,0,0,0,0,0,2,0,0,0,0,0,0,0,0,0,0
b2a2f91533cc65e9c0a116fcbaa6a0cb,0,0,0,0,0,0,0,2,0,0,0,0,0,0,0,0,0
85e3511357d5575587f8c8ad46c64d93,0,0,0,0,0,0,0,0,0,1,0,1,0,0,0,0,0
a9cdace376f468b22ea7bac7de7e029c,0,0,0,0,0,0,0,2,0,0,0,0,0,0,0,0,0
8e1161b45335e125da5a572c1b2cea64,2,0,0,0,0,0,0,0,0,0,0,0,0,0,0,0,0
9582615945663e8fb805e031c9533ede,0,0,0,0,0,0,0,0,2,0,0,0,0,0,0,0,0
2cf5ac9f1d703eb67cc4c542ed777514,2,0,0,0,0,0,0,0,0,0,0,0,0,0,0,0,0
9d974aa1aac1ea7c3ef8462df2cfc09e,0,0,0,0,0,0,0,0,0,0,0,2,0,0,0,0,0
312462f6e0e039fc1886915e60053f38,0,0,0,0,0,0,0,0,0,0,2,0,0,0,0,0,0
68722be9be0b6a75fd08ab3fcced5247,0,0,0,2,0,0,0,0,0,0,0,0,0,0,0,0,0
957f2e1f0a943e3be69fa1bb63eaa153,0,0,0,0,0,0,0,0,0,0,0,2,0,0,0,0,0
e307c2c4e97c99077dff18a8c85de57b,0,0,0,0,0,0,0,0,0,2,0,0,0,0,0,0,0
4f6ed6c83f8924168830a34415d7c68b,0,0,0,0,0,0,2,0,0,0,0,0,0,0,0,0,0
90fbad6590399cf67234394f0a492f9e,0,0,0,0,0,0,0,0,0,0,0,2,0,0,0,0,0
28878dc7f26fb8db776c59afbdef67c5,0,0,0,0,0,0,0,0,2,0,0,0,0,0,0,0,0
f31d16db4d812212a62597650028a714,0,0,0,0,0,0,0,0,0,0,0,2,0,0,0,0,0
7248b9bd77f755f006d7e1d346397ad7,0,0,0,0,0,0,0,0,0,0,0,2,0,0,0,0,0
fb39f72b3141bcfc07b8d7482808df61,2,0,0,0,0,0,0,0,0,0,0,0,0,0,0,0,0
e58635da024cba851c640eb384bc8fad,0,0,0,0,2,0,0,0,0,0,0,0,0,0,0,0,0
1c2b8892a0d7f828d72808cd01cfd199,0,0,0,0,0,0,0,0,2,0,0,0,0,0,0,0,0
9e6c74996690d3c5e03f3c1ab168a2b9,0,0,0,0,0,0,0,0,0,2,0,0,0,0,0,0,0
08e95f8aadda45f7fa04b997b0579b10,0,0,0,0,0,0,0,0,2,0,0,0,0,0,0,0,0
4560358eb7673f71ba33ac0591d4ccf1,0,0,0,0,0,0,0,0,0,0,0,0,2,0,0,0,0
c6aeb184656553cd64600e29829574b6,0,0,0,0,0,0,0,0,0,2,0,0,0,0,0,0,0
feda3b5a863c813509f2d4ef708536d3,2,0,0,0,0,0,0,0,0,0,0,0,0,0,0,0,0
d6fa1f6cc8d311c8bd7e662f8f427806,2,0,0,0,0,0,0,0,0,0,0,0,0,0,0,0,0
f7265a7bcfa4c198b470eff433eae809,0,0,0,0,0,0,0,0,2,0,0,0,0,0,0,0,0
4c455f98d7d49aef24cad61ee04d41a8,0,0,0,0,0,0,0,0,0,0,0,0,0,0,0,2,0
b889ed1ea272958cf0709e2f7a7db3ad,0,0,0,0,0,0,0,0,0,0,2,0,0,0,0,0,0
ba5fe55bad66634c698f78fe021af9d4,0,0,0,0,0,0,0,0,0,2,0,0,0,0,0,0,0
a37e2ae258b843db9b0cc4c9a4fbdedd,1,1,0,0,0,0,0,0,0,0,0,0,0,0,0,0,0
77528e8e3ba134308f68ec6e4c024f94,0,0,0,0,0,0,0,0,0,0,0,2,0,0,0,0,0
0f34910f37338a141d04e12b11a5c835,0,0,0,0,0,0,0,2,0,0,0,0,0,0,0,0,0
0518e21e2e362fd0ecbfe97e1971604d,0,0,0,0,0,0,0,0,0,0,0,2,0,0,0,0,0
adf8882d5fd60155f03f9a52e900d32d,0,1,0,0,0,0,0,0,0,0,0,0,0,0,0,0,1
3174e71b68aa3f5a8c84598bc1d3823c,1,0,0,0,0,1,0,0,0,0,0,0,0,0,0,0,0
e9277980eb5c5f8dd783fd34cf9a8a8a,2,0,0,0,0,0,0,0,0,0,0,0,0,0,0,0,0
3310934bd7b38e0764b8e6e13c68aee0,0,0,0,0,0,0,0,0,0,0,0,0,0,2,0,0,0
ddaabd06670c314ac05b66698c9f59b9,0,0,2,0,0,0,0,0,0,0,0,0,0,0,0,0,0
f174710e39f2bc85585ff6abcca3bb8d,0,0,0,0,0,0,0,0,0,0,2,0,0,0,0,0,0
8d494b3443d4d1e32c7afe01207e80c0,0,0,0,0,0,0,0,0,0,1,1,0,0,0,0,0,0
4c27295d3e3d702dd9f57cc2885805a3,2,0,0,0,0,0,0,0,0,0,0,0,0,0,0,0,0
5c95ce99561d835d2777253a7b2185c0,0,0,0,0,0,0,0,0,0,2,0,0,0,0,0,0,0
1b9290cd00a6e0c8583431454ea9b0c6,1,0,0,0,0,0,0,0,0,0,1,0,0,0,0,0,0
732b608a5a32f5265c7f84a8e337f8c4,0,0,0,0,0,0,0,0,0,0,0,2,0,0,0,0,0
e8b842bca34212429a49f5ae971c54d0,0,0,0,0,0,0,2,0,0,0,0,0,0,0,0,0,0
f01b1545622876aa86b0825f80096283,0,0,0,0,0,0,0,0,0,2,0,0,0,0,0,0,0
059a253e2dfed34d9fb94079a168aed4,0,0,0,0,0,0,0,0,0,2,0,0,0,0,0,0,0
e5581220fe173ceaa6334b3efea7f16a,0,0,0,0,0,0,0,0,0,0,0,0,0,0,2,0,0
f7f333dfbd598070147f2d71044066bc,0,0,0,0,0,0,0,0,0,0,0,2,0,0,0,0,0
b4a92e1f0246230e7e39e7ba2eb97f81,0,0,0,0,0,0,2,0,0,0,0,0,0,0,0,0,0
3db4a28ce2bd5314c9412f12033dcb52,0,0,0,0,2,0,0,0,0,0,0,0,0,0,0,0,0
8035fff4b061bc999f13f68980efc883,2,0,0,0,0,0,0,0,0,0,0,0,0,0,0,0,0
82111040033564e4025c866576f05fe4,0,0,0,0,0,0,0,0,0,2,0,0,0,0,0,0,0
386ded3b082e270802555793ad86105e,0,0,0,2,0,0,0,0,0,0,0,0,0,0,0,0,0
c80129c549f593a79139fb39321b12dc,0,0,0,0,0,0,0,0,1,0,0,1,0,0,0,0,0
c00d760a011e958289d4874911fad7a3,0,0,0,0,0,0,0,0,0,0,0,2,0,0,0,0,0
ed69b64a4b1814ef4240d4eb0bcd2886,0,0,2,0,0,0,0,0,0,0,0,0,0,0,0,0,0
fb800d4d7cd0a8e0da07b414fcf21b8c,2,0,0,0,0,0,0,0,0,0,0,0,0,0,0,0,0
4b8b9dd989858d1747939231855061c5,0,0,2,0,0,0,0,0,0,0,0,0,0,0,0,0,0
fa314002f8f87caf3cdee94dee224ec0,0,0,0,0,0,0,0,0,0,0,0,2,0,0,0,0,0
5bd07ab71d11ec81695388a77bfbb4d3,1,0,0,0,0,0,0,1,0,0,0,0,0,0,0,0,0
5f0a05782df5f0cb188c3f0d33b3ee70,0,0,0,0,0,0,2,0,0,0,0,0,0,0,0,0,0
91e21bcbe4164a53c317c2de11acc757,0,0,0,0,0,0,2,0,0,0,0,0,0,0,0,0,0
17e46b9102726f578df73434a95ee6c5,0,0,0,0,0,0,0,0,2,0,0,0,0,0,0,0,0
c646ade11a5124c0a97bd0d40898adf6,0,0,0,0,0,0,0,2,0,0,0,0,0,0,0,0,0
29fb22bc2ce2d57aa5de17a3bb68f4fa,0,2,0,0,0,0,0,0,0,0,0,0,0,0,0,0,0
35fbecdacfd96eef8d3ddb3d9fd571c1,0,0,0,0,0,0,0,2,0,0,0,0,0,0,0,0,0
64af75de61ee5e2cd3a34505774f3c74,2,0,0,0,0,0,0,0,0,0,0,0,0,0,0,0,0
0144a761721583bb4acc1af57044d8ae,0,0,0,0,0,0,0,0,0,0,0,0,0,0,2,0,0
0f335dfcebc747ef4e51900fd20d5922,0,0,0,0,0,0,0,0,2,0,0,0,0,0,0,0,0
8ffe6e426a7fbb702c8f81a077c8b050,0,0,0,0,2,0,0,0,0,0,0,0,0,0,0,0,0
11194f310db186f457a89cc5c9c1c506,2,0,0,0,0,0,0,0,0,0,0,0,0,0,0,0,0
e6b4c3ea7f9670927b4f676146a5e0b1,0,0,0,0,0,2,0,0,0,0,0,0,0,0,0,0,0
48a7af65c55adc4dd66178efefb01ed9,0,0,0,0,0,0,0,0,2,0,0,0,0,0,0,0,0
074be7e43427d8ec744d1ec5af857122,0,0,0,0,0,0,0,0,0,0,2,0,0,0,0,0,0
1e96dfb861b10ebc8c4a706ccd850e3e,0,0,0,0,0,0,0,0,0,0,2,0,0,0,0,0,0
ca3a23e08569cf875944dac81527e3c4,0,0,0,0,0,0,0,2,0,0,0,0,0,0,0,0,0
d0216edbdb07ec2b2d8becf26467a165,2,0,0,0,0,0,0,0,0,0,0,0,0,0,0,0,0
62f7ecf7d05f92813a3f21b862040dda,0,0,0,0,0,0,0,2,0,0,0,0,0,0,0,0,0
914645dec731f7174d373f9d82c80b02,0,0,0,0,0,0,0,0,0,0,2,0,0,0,0,0,0
838d86b47ef4ea038484750f60e8e8e8,0,0,0,0,0,0,2,0,0,0,0,0,0,0,0,0,0
43d15eb64336969570d69613903d7c70,0,0,0,0,0,0,0,2,0,0,0,0,0,0,0,0,0
159c46b5dfab8e9a89aefef207e21aff,0,0,0,0,0,0,0,0,0,0,2,0,0,0,0,0,0
6a1366ce65d75fb099e6910eff73954c,0,0,0,0,0,0,0,2,0,0,0,0,0,0,0,0,0
4e37ecc602277e2bb06300ca364d4cd0,0,0,0,0,0,0,0,0,0,0,0,2,0,0,0,0,0
94d133965042b347de449fb1f29aaf94,0,0,0,0,0,0,0,2,0,0,0,0,0,0,0,0,0
bc28ea6497753473b2064f41bc658601,0,0,0,0,0,0,0,0,0,0,0,2,0,0,0,0,0
80e2d4c4c3ca2ad8ce444838ec79be23,0,0,0,0,0,0,0,0,2,0,0,0,0,0,0,0,0
45b5eca5d29c0505e9976dfd76105cad,0,0,0,0,0,0,0,0,2,0,0,0,0,0,0,0,0
7723845e49f46ec8d7547defc6465467,0,0,0,0,0,0,0,0,1,0,0,0,0,0,0,0,0
d8620daa8f4e225a86a1daa88ca54ff5,0,0,0,0,0,0,0,1,0,0,0,0,0,0,0,0,0
e16ac88e31b019ac03262754e3c94021,0,0,0,1,0,0,0,0,0,0,0,0,0,0,0,0,0
a7c7cef1b4d655f81476abab1ca0aceb,1,0,0,0,0,0,0,0,0,0,0,0,0,0,0,0,0
d27240df01f6d21aaf64f8f079dde6a8,1,0,0,0,0,0,0,0,0,0,0,0,0,0,0,0,0
e14059e8e6166afbd514f1ec1ddf85f9,0,0,0,0,0,0,0,0,0,1,0,0,0,0,0,0,0
85deebbd9ed381210ba89fe1ebb4b707,1,0,0,0,0,0,0,0,0,0,0,0,0,0,0,0,0
deed98f09fe532868f6e52a8be480327,1,0,0,0,0,0,0,0,0,0,0,0,0,0,0,0,0
7d4ceaca6c4f897d2504d968844ed007,1,0,0,0,0,0,0,0,0,0,0,0,0,0,0,0,0
1b68945b496807a5a12b3c0eae9c5554,0,0,0,0,0,0,0,0,0,0,0,1,0,0,0,0,0
55dc163121c4a1d1b92937f8a4736020,0,0,0,0,0,0,0,0,0,0,0,1,0,0,0,0,0
1f80b5b1878fc99729d0468fd582f2ce,0,0,0,0,0,0,0,0,1,0,0,0,0,0,0,0,0
5ec07d5947dc2cb2651a37f634973cfd,0,0,0,0,0,0,0,1,0,0,0,0,0,0,0,0,0
4bf57337c825c0d8c971c5bff4b5ecac,0,0,0,0,0,0,0,0,0,0,0,1,0,0,0,0,0
b83397c4705d2b88d5c1d00bd7179463,0,0,0,0,0,0,0,0,0,0,1,0,0,0,0,0,0
3166a9ca05b5950776dffc690b09d7e3,0,0,0,0,0,0,0,0,1,0,0,0,0,0,0,0,0
0bda79b663ab6c7316a1a7a4c750251c,0,0,0,0,0,0,0,1,0,0,0,0,0,0,0,0,0
c2e56bc49907dceef6ba5ffadc46799b,0,0,0,0,0,0,0,0,0,1,0,0,0,0,0,0,0
ed2eb6ac508f37ba647bf84a1fa95467,0,0,1,0,0,0,0,0,0,0,0,0,0,0,0,0,0
dc6333ca9fbfa7b602ec11dfee6253ee,0,0,0,0,0,0,0,0,0,0,1,0,0,0,0,0,0
48be0ab419921a017a2f2bde22521591,0,0,1,0,0,0,0,0,0,0,0,0,0,0,0,0,0
cabf34e9db3b4d2eeba9263a7267bdbe,0,0,0,1,0,0,0,0,0,0,0,0,0,0,0,0,0
4c8ea5ee642f3de5312640336c575b6c,0,0,0,0,0,0,1,0,0,0,0,0,0,0,0,0,0
9b14f77c903bb14f1c3e47d1bea7aaac,0,0,0,0,0,0,0,1,0,0,0,0,0,0,0,0,0
62b0b243d6b3b2b15948054bc600ff86,0,0,0,0,0,0,0,0,0,0,0,0,1,0,0,0,0
77245c9a02ccd7874ff544cc098a3eec,0,0,0,0,0,0,0,1,0,0,0,0,0,0,0,0,0
e2b7ab9a407ebdd0c121d5a5795a74d4,0,1,0,0,0,0,0,0,0,0,0,0,0,0,0,0,0
851f2a9d09b2ae7117549b5d8c122327,1,0,0,0,0,0,0,0,0,0,0,0,0,0,0,0,0
e679c60f5afb7af57e3c8ba73c821ffe,0,0,0,0,0,0,0,0,1,0,0,0,0,0,0,0,0
206e1c33da40dfdfaf2f1d4d91fd4e5b,0,0,0,0,0,0,1,0,0,0,0,0,0,0,0,0,0
2ccacf5be5c2dafd961cdd44fbd4e312,0,1,0,0,0,0,0,0,0,0,0,0,0,0,0,0,0
c6d7aff523921142e4bd43bb1d9518e7,1,0,0,0,0,0,0,0,0,0,0,0,0,0,0,0,0
67363c5d824db69117cb52a7df0db2ec,0,0,0,0,0,0,0,0,1,0,0,0,0,0,0,0,0
e007841bb000bd7f1c0884eebf2da7e8,0,0,0,0,0,0,0,0,1,0,0,0,0,0,0,0,0
cdfcad1c21572a1b061f0dad77c88d96,0,1,0,0,0,0,0,0,0,0,0,0,0,0,0,0,0
9ce1650826f6d0a90a3b90bb6b4dbacd,0,0,0,0,0,0,1,0,0,0,0,0,0,0,0,0,0
f0fad6a969f08e9eafe1fbd3f75174e4,0,0,0,0,0,0,0,0,1,0,0,0,0,0,0,0,0
c091a1b0673d85664b2a74ed7d399674,0,0,0,0,0,0,0,0,0,0,0,0,0,0,0,0,1
a7a3f61c927bd0b56a8fba1ef3e0e9c2,0,0,0,0,0,0,0,1,0,0,0,0,0,0,0,0,0
a2d74214b3d344f4bc384f1993bf192b,0,0,0,1,0,0,0,0,0,0,0,0,0,0,0,0,0
373752118bfa5c3db00fbc43569c9716,0,0,0,0,1,0,0,0,0,0,0,0,0,0,0,0,0
31d7a4197e6d11af105227b562b7ecad,0,0,0,0,0,0,0,0,0,0,0,0,0,1,0,0,0
fed5c8da0c2f9695b64c2fcef196fceb,1,0,0,0,0,0,0,0,0,0,0,0,0,0,0,0,0
d2dbd72ea3fc1376a0168d5165f0b3cf,0,0,0,0,0,0,0,0,0,0,1,0,0,0,0,0,0
134ab19b2459d7d44f8b764348c3b1b9,0,0,0,0,0,0,0,0,0,0,0,0,0,1,0,0,0
2b69bcb53f66af02dbd8562aad64e620,0,0,0,0,0,0,0,1,0,0,0,0,0,0,0,0,0
6d2033479b3f89b5ebf07b452ebdad8e,0,0,0,0,0,0,0,0,1,0,0,0,0,0,0,0,0
7e1d7a9a22f31dedb63170c0a2d213f9,0,0,0,0,0,0,0,1,0,0,0,0,0,0,0,0,0
548206eefe4c5ea97d875cbc555dae93,0,0,0,0,0,0,0,1,0,0,0,0,0,0,0,0,0
b342fad74a35262463a4e6d86ca6d03d,1,0,0,0,0,0,0,0,0,0,0,0,0,0,0,0,0
c6b2fdcf5a57e4d7314dfa0ce2e1112d,0,0,0,0,0,0,0,0,0,0,0,0,0,0,0,1,0
b1f301d2ff4eeb910865de4db512b6f5,0,0,0,0,0,0,0,0,0,0,0,0,0,0,1,0,0
540d109fb11ccaa6e9eb9c5dffa48914,0,1,0,0,0,0,0,0,0,0,0,0,0,0,0,0,0
b744eae1244325f606575483df0de67e,1,0,0,0,0,0,0,0,0,0,0,0,0,0,0,0,0
b0d9d839b565b4ab45d429df3c116c7f,0,0,0,0,0,0,0,0,0,0,0,1,0,0,0,0,0
b21e555d627a50e8cdcbbb442ebdc17f,0,1,0,0,0,0,0,0,0,0,0,0,0,0,0,0,0
0a40149a5fdc8cb5ad884cbfb51dd229,0,0,0,0,0,0,0,1,0,0,0,0,0,0,0,0,0
2963ff19cfa60a18bddc86cf1329e675,0,0,0,0,0,0,0,0,0,0,0,1,0,0,0,0,0
dbf891b81810bae2731119f803bdd6e6,0,0,0,0,0,0,0,0,1,0,0,0,0,0,0,0,0
bcba47620c299fd34809f143e3d26dff,0,0,0,0,0,0,0,0,1,0,0,0,0,0,0,0,0
ed679c8b2225afeab7d2cbe5e4d9eb1e,0,0,0,0,0,0,0,0,1,0,0,0,0,0,0,0,0
f37d89376367b7b4564713fdda79135e,0,0,0,0,0,0,1,0,0,0,0,0,0,0,0,0,0
e09f97d9f9240a8db6364dea88fcd7cd,0,0,0,0,0,0,0,0,1,0,0,0,0,0,0,0,0
b9c745145a0ee3b3367b59d373d6f12c,1,0,0,0,0,0,0,0,0,0,0,0,0,0,0,0,0
809eaf1dcafd48f1f6f1c563bd5d9ffe,1,0,0,0,0,0,0,0,0,0,0,0,0,0,0,0,0
7185fae8817a05b5eca080eb555db60a,0,0,0,0,0,0,0,0,0,0,1,0,0,0,0,0,0
c50d27667dc962fe80f742a078d88b03,0,0,0,0,0,0,0,0,0,0,1,0,0,0,0,0,0
04142f57128d576ffcc580fb0dd9c563,0,0,0,0,0,0,1,0,0,0,0,0,0,0,0,0,0
e6f711641e0bd8c6d4e65797f2f6e2ce,0,0,0,0,0,0,0,0,0,1,0,0,0,0,0,0,0
bf75f2ad2e3b2542f1f3548e78459815,1,0,0,0,0,0,0,0,0,0,0,0,0,0,0,0,0
5fc31ac51d8a26f59b6c05a32e7d864f,0,0,0,0,0,0,0,0,0,0,0,0,0,0,0,1,0
914611172f55db70e64ff02deacd4713,0,0,0,0,0,0,0,0,0,0,0,0,0,0,0,0,1
2bd1019de3a29d10c87892cb061dbf5c,0,0,0,0,0,0,0,0,0,0,0,1,0,0,0,0,0
d6122a0717877cf7fa6bac67db2742b8,1,0,0,0,0,0,0,0,0,0,0,0,0,0,0,0,0
da64c3f2e4af6b449f4de888631f8668,0,1,0,0,0,0,0,0,0,0,0,0,0,0,0,0,0
1a3231e8c3234d0aa74c16baee08c0fd,0,0,0,0,0,0,0,0,1,0,0,0,0,0,0,0,0
cf3d2fc8ee670732652d41032d037199,0,0,0,0,0,0,0,0,0,0,0,0,0,1,0,0,0
bca06675819d1a1fac77abb6b094591b,0,0,0,0,0,0,0,0,0,0,0,1,0,0,0,0,0
14de28f0dfa0f396c4fa361d1d75a5bd,1,0,0,0,0,0,0,0,0,0,0,0,0,0,0,0,0
d3ad2a9babf018d1e4055344ed340512,1,0,0,0,0,0,0,0,0,0,0,0,0,0,0,0,0
6a3d1a0ee0607b53d0b603def045c452,0,0,0,0,0,0,0,1,0,0,0,0,0,0,0,0,0
e665ec34f01828d56f13cdba3171e487,0,0,0,0,0,0,0,1,0,0,0,0,0,0,0,0,0
423818fcf793e94ee06524d43cede263,1,0,0,0,0,0,0,0,0,0,0,0,0,0,0,0,0
6c6209f5f79a7be45964b4d69599d1de,0,0,0,0,0,0,0,0,1,0,0,0,0,0,0,0,0
ed6a72ed7be4f9b7dbd66690778a4954,0,0,0,0,0,0,0,0,0,0,0,1,0,0,0,0,0
010a3efe25cda58c31b6d13db3675881,0,0,0,0,1,0,0,0,0,0,0,0,0,0,0,0,0
f791e5818bef68986c15d276727301dc,0,0,0,0,0,0,0,1,0,0,0,0,0,0,0,0,0
ce3e080723c09bdf9ae5cf385f212147,0,0,0,0,0,0,1,0,0,0,0,0,0,0,0,0,0
c5bad138de410e3fed48f35caafad40d,0,0,0,0,0,0,0,0,0,0,0,0,0,0,0,1,0
13a9bbe357274b376f7b0406950cf21d,1,0,0,0,0,0,0,0,0,0,0,0,0,0,0,0,0
1a1ffd50f42d8407314902832bdc51c8,0,0,0,0,0,0,0,0,0,0,0,1,0,0,0,0,0
9f073298245aa1bdbe22b3405ff40c69,1,0,0,0,0,0,0,0,0,0,0,0,0,0,0,0,0
c0e401a9ec4d7d204d57b7f2724b6897,0,0,0,0,0,0,0,0,0,1,0,0,0,0,0,0,0
804bd7a11c07b916d958dff724eecd74,0,0,0,0,0,0,0,0,1,0,0,0,0,0,0,0,0
2cd8bf31ffd02905fe6bb593a85ba73d,0,0,0,0,0,0,0,0,0,0,1,0,0,0,0,0,0
9478594bdd83af022961e2d87e98bd32,0,0,0,0,0,0,0,1,0,0,0,0,0,0,0,0,0
3ef8d27167c0860000c175f681bba956,0,0,0,0,0,0,0,0,1,0,0,0,0,0,0,0,0
1cbb6d493860b38145f803f3f74b1b22,0,0,0,0,0,1,0,0,0,0,0,0,0,0,0,0,0
685899ab474306d2bcf8f7ff67795e2b,0,0,0,0,0,0,0,0,0,0,0,1,0,0,0,0,0
bbe914cfcf51815d92e2d2b19834fa2d,0,0,0,0,0,0,0,0,0,0,0,0,0,1,0,0,0
eeeb5105372ea94b20dcc1236737d0f1,0,0,0,0,0,0,0,1,0,0,0,0,0,0,0,0,0
b5e3f4134940ad7d4194f9be94bc6364,0,0,0,0,0,0,0,0,0,1,0,0,0,0,0,0,0
719eceddaea01c79258753f027b99f97,0,0,0,0,0,0,0,0,0,1,0,0,0,0,0,0,0
8864f63e09488a696754e5c3b7c51d28,0,0,0,0,0,0,0,0,1,0,0,0,0,0,0,0,0
66895f92b47e093c9dfb1ff6b21f5f50,0,0,0,0,0,0,0,1,0,0,0,0,0,0,0,0,0
ca019dc1f7991a3f2a30faf861bee144,0,0,0,0,0,0,0,0,1,0,0,0,0,0,0,0,0
585dc9bb2ee825e1ab283e4acd5d726d,0,0,0,0,0,0,0,0,0,0,0,0,1,0,0,0,0
96e36a1c36b77a91cb4e9fc44a3c3299,0,0,0,1,0,0,0,0,0,0,0,0,0,0,0,0,0
712a9f69ebfdb575a72523d6cdfc8e41,0,0,0,0,0,0,0,0,0,0,0,1,0,0,0,0,0
12aba9e1c780da4c418f63a40e93d6cc,0,0,0,0,0,0,0,1,0,0,0,0,0,0,0,0,0
2db27cf51f1f53bf7a82b43876b75ddc,0,0,0,0,0,0,1,0,0,0,0,0,0,0,0,0,0
1cd4dd1bbaf7707c7499ecf32812e55d,0,1,0,0,0,0,0,0,0,0,0,0,0,0,0,0,0
e29dfe57d2718467d97c650daf2f4ec8,0,1,0,0,0,0,0,0,0,0,0,0,0,0,0,0,0
420f630f2002f0fe6d9e99439d070ddb,0,0,0,0,0,0,0,1,0,0,0,0,0,0,0,0,0
e0b525e7f04868bbd1ba255958380603,0,0,0,0,0,0,0,0,0,0,0,1,0,0,0,0,0
a195101653d5ef37d9d1e88fc9b000d7,0,0,0,1,0,0,0,0,0,0,0,0,0,0,0,0,0
931ac7709b0d74ba3440921b1c12cdce,0,0,0,0,0,0,0,0,0,0,0,1,0,0,0,0,0
4ed2438f1258981619546a0c37b30ad7,1,0,0,0,0,0,0,0,0,0,0,0,0,0,0,0,0
bb065c1d5eb7a3d3a041a66477ffcb3a,0,0,0,0,0,0,0,0,1,0,0,0,0,0,0,0,0
621fe1385abeab35fbb5dd5731c2548a,0,0,0,0,0,0,0,0,0,0,0,0,0,0,1,0,0
5b1369feba3149fd5792b5e0a7fd47cc,0,0,0,0,0,0,0,0,0,0,1,0,0,0,0,0,0
d53fd85b77ebcb4df72e2cc2ea68a887,0,0,0,1,0,0,0,0,0,0,0,0,0,0,0,0,0
94799f612121057be680c3cc045a7c50,0,0,0,0,0,0,0,0,0,1,0,0,0,0,0,0,0
9c253b045234173540111db036e207ba,0,0,0,0,0,0,0,0,0,0,0,0,0,0,1,0,0
be87a8438f696ffff14b79d6ce7742a5,1,0,0,0,0,0,0,0,0,0,0,0,0,0,0,0,0
5df22111906aacf2f5b8cff0a73e8dbd,0,0,0,0,0,0,0,1,0,0,0,0,0,0,0,0,0
6d00436d315d3d3d1796d82f7453ba1c,0,0,1,0,0,0,0,0,0,0,0,0,0,0,0,0,0
8c3d0f6106ed06ac9c76608c6b826b7b,0,0,0,1,0,0,0,0,0,0,0,0,0,0,0,0,0
7c9f454292d4c13da1c45f58c47098d0,0,0,0,0,0,0,0,0,0,0,1,0,0,0,0,0,0
fc75f7dabe00d1a7a949f8af6ac261e0,0,0,0,0,0,0,0,1,0,0,0,0,0,0,0,0,0
7e8cd72754930304fd290598cf38df97,0,0,0,0,0,0,0,0,0,0,1,0,0,0,0,0,0
7215c9fa53483e5a24edfcd5785cad9d,0,0,0,0,0,0,0,0,0,0,0,0,0,0,0,0,1
720fb3169b81decf883ac4460daa438d,1,0,0,0,0,0,0,0,0,0,0,0,0,0,0,0,0
6b3e01c1d5171bc9e7e2ca53367d1ba7,0,0,0,0,0,0,0,1,0,0,0,0,0,0,0,0,0
4536eac5cb6e4ec4095dcb1ad00283ae,1,0,0,0,0,0,0,0,0,0,0,0,0,0,0,0,0
facdd8358a7ac02f3f85963beacb5fdd,0,0,0,0,1,0,0,0,0,0,0,0,0,0,0,0,0