,,other,sewage-wastewater,freshwater,groundwater,biofilm,marine,sediment,soil,
1,007978dab7aed7eb4d5ffff337638bd2,0,0,0,0,0,0,70.1897255941139,29.8102744058861,100
2,0090b6c69e484667f923767fe7babd21,100,0,0,0,0,0,0,0,100
3,00d4306620fb956f4cb8ea6616da13a3,0,0,65.6668343697038,0,0,28.0759944212606,0,6.25717120903553,99.9999999999999
4,010a3efe25cda58c31b6d13db3675881,100,0,0,0,0,0,0,0,100
5,0144a761721583bb4acc1af57044d8ae,0,0,0,0,0,0,0,100,100
6,01fab5128a356827231fbacc44b9981a,0,0,42.0900387226923,24.009104129166,0,0,0,33.9008571481416,99.9999999999999
7,0202d02690b13876befe4cb198a29777,0,0,0,0,0,100,0,0,100
8,02cbeba62c5f39917f0503ba21755b93,100,0,0,0,0,0,0,0,100
9,02f9203a0721d9f8e1449fc1dd126966,100,0,0,0,0,0,0,0,100
10,03863e3470d66491b7273ecffa65f0f3,100,0,0,0,0,0,0,0,100
11,03c351c76c14ec2e586f2d99fbd0bff3,100,0,0,0,0,0,0,0,100
12,03c66efff248fb6d9f619306d150b587,100,0,0,0,0,0,0,0,100
13,03d5bd5fdfb65e8a115b7eebc44ceac4,100,0,0,0,0,0,0,0,100
14,040bd74a5c9b1a37501cd9fc4c554326,0,0,0,23.8436580426224,0,0,0,76.1563419573775,99.9999999999999
15,04142f57128d576ffcc580fb0dd9c563,100,0,0,0,0,0,0,0,100
16,0474a04e496a887e5436eee26fafeda0,100,0,0,0,0,0,0,0,100
17,0476697a1be576c5ef6b27cd10f3e4e5,100,0,0,0,0,0,0,0,100
18,0518e21e2e362fd0ecbfe97e1971604d,100,0,0,0,0,0,0,0,100
19,053c09f43a8ca677723e10f2650f95aa,0,26.3924319955763,0,23.1859323096007,0,0,5.14031973074893,45.2813159640739,99.9999999999998
20,059a253e2dfed34d9fb94079a168aed4,100,0,0,0,0,0,0,0,100
21,05caaa47d22f303c86adf9c39cefcb09,100,0,0,0,0,0,0,0,100
22,05d385f8260362e624138cae31e3f909,19.4427647618015,0,45.1603657288482,22.7797445724882,0,12.6171249368618,0,0,99.9999999999997
23,06620bf0b3fe7526e28ace17a2b9624e,100,0,0,0,0,0,0,0,100
24,070fc272903ae7ea02e3a26448029004,0,0,84.4345489594055,6.44829175757606,0,0,0,9.11715928301831,99.9999999999999
25,074be7e43427d8ec744d1ec5af857122,100,0,0,0,0,0,0,0,100
26,07892ea8d4444d9f9e5507213fc13d4f,0,0,0,0,0,0,0,100,100
27,07d5b414e682831def7740ff3b0f4e05,0,0,67.1626132634178,0,0,32.8373867365822,0,0,100
28,07f99fb784f40642f9713e217b9008d1,100,0,0,0,0,0,0,0,100
29,08053939505aeb64da3f97d58665c924,100,0,0,0,0,0,0,0,100
30,08220c63935e60ddef0830ac0cd3a6c5,2.37149838750069,0,58.8831396299639,5.77549656488718,0,26.4237101863084,0,6.54615523133956,99.9999999999998
31,08e95f8aadda45f7fa04b997b0579b10,0,0,20.1947858193273,34.5586792255216,0,0,0,45.246534955151,99.9999999999999
32,0903e22ec5616d431a9c2c8816fb9d45,100,0,0,0,0,0,0,0,100
33,095dcca0a1cacb655451100eb59c8ef1,0,100,0,0,0,0,0,0,100
34,09b3ae637e15bbfc9f967f2628d0c1e5,0,12.0834658877335,19.7879455055492,11.287488882467,0,0,10.6010376404393,46.2400620838107,99.9999999999997
35,09e941a637a7c8284e4e84853cf5b804,100,0,0,0,0,0,0,0,100
36,0a40149a5fdc8cb5ad884cbfb51dd229,100,0,0,0,0,0,0,0,100
37,0a55cf6879d916c50c1df617ff5a436a,100,0,0,0,0,0,0,0,100
38,0a714b58e2dff1c534b4be7a8550bec3,0,0,99.9999999999999,0,0,0,0,0,99.9999999999999
39,0b49f82780bc0ed7aaf75978ba4ca842,100,0,0,0,0,0,0,0,100
40,0b60e65624fab50047f1eb1eb04002d1,0,0,99.9999999999999,0,0,0,0,0,99.9999999999999
41,0bda79b663ab6c7316a1a7a4c750251c,100,0,0,0,0,0,0,0,100
42,0cb2692fb62fbbf0d451727dce3ff98d,100,0,0,0,0,0,0,0,100
43,0df7af542d6bc4b784421e3963761aa1,100,0,0,0,0,0,0,0,100
44,0e6f7fb3c0303520b0a3c0c9f44d7d0d,0,0,0,100,0,0,0,0,100
45,0ea596fe64ce496e560a07b83801bf0a,0,0,99.9999999999999,0,0,0,0,0,99.9999999999999
46,0f335dfcebc747ef4e51900fd20d5922,100,0,0,0,0,0,0,0,100
47,0f34910f37338a141d04e12b11a5c835,0,0,0,51.5680617909782,0,0,48.4319382090217,0,99.9999999999999
48,0f881e6a9e07d0f8bdc7e9090af410e9,100,0,0,0,0,0,0,0,100
49,0fb821fa8fe1baa28eadd4d3943d1f39,100,0,0,0,0,0,0,0,100
50,0fdc35769b2ba30b50ad58aece701229,0,0,93.4220864132375,0,0,6.5779135867624,0,0,99.9999999999999
51,107273e73071282e4d0f4a0b46548da5,10.3457576369589,59.7320098937587,5.36428126070378,16.6745952486857,0,2.62272371134009,0,5.26063224855267,99.9999999999998
52,10aa3fe0c9285b3a9bb386ecca984c5b,0,100,0,0,0,0,0,0,100
53,11194f310db186f457a89cc5c9c1c506,100,0,0,0,0,0,0,0,100
54,113381e3893ed86fffe77e3fce5dd07f,0,0,0,100,0,0,0,0,100
55,128126b2087f7f7f7566f024fbdf5a05,9.17082824148252,77.6933176040568,0,5.8560818456012,0,3.84335567460394,0,3.43641663425539,99.9999999999998
56,12a57bb680a1db493d08e0370730ef58,100,0,0,0,0,0,0,0,100
57,12aba9e1c780da4c418f63a40e93d6cc,100,0,0,0,0,0,0,0,100
58,12ba333122e7499eb63d8df0ad7ea92c,100,0,0,0,0,0,0,0,100
59,134ab19b2459d7d44f8b764348c3b1b9,0,0,0,55.4060966516501,0,0,0,44.5939033483498,99.9999999999999
60,13611c820c87106ea4928bf94b887001,0,0,0,0,0,100,0,0,100
61,138a84338b59bd53ab60cefb961945b3,100,0,0,0,0,0,0,0,100
62,13a9bbe357274b376f7b0406950cf21d,100,0,0,0,0,0,0,0,100
63,14de28f0dfa0f396c4fa361d1d75a5bd,100,0,0,0,0,0,0,0,100
64,157300dd035e0b4c4baafe1a3bc130da,100,0,0,0,0,0,0,0,100
65,159444bc0b813da46a659d21a4d714fe,0,0,0,0,33.7144955473671,0,40.4904557067841,25.7950487458487,99.9999999999999
66,159c46b5dfab8e9a89aefef207e21aff,100,0,0,0,0,0,0,0,100
67,15ac2594f5ed41ffe429b77f3b087a35,100,0,0,0,0,0,0,0,100
68,15d33303de8a2df0d68b1f0c198e38e4,0,0,99.9999999999999,0,0,0,0,0,99.9999999999999
69,16026e38499f6de9d0229898fd882fc5,100,0,0,0,0,0,0,0,100
70,1629bf7579d6ff42b6be8b4c85a18dfd,0,0,0,57.2976082668666,0,0,31.757190347802,10.9452013853312,99.9999999999998
71,1638aa56cb7da424b703873161ce93b5,100,0,0,0,0,0,0,0,100
72,16a6de769839a31cfe7f78ceba44b3a3,0,0,0,100,0,0,0,0,100
73,17760f36297a0b588129da113a3438ba,100,0,0,0,0,0,0,0,100
74,17e46b9102726f578df73434a95ee6c5,0,0,0,0,0,0,0,100,100
75,182bb0ae69d9b451fda7ceb8d8d3cd9e,0,0,96.1506002383844,0,0,3.84939976161546,0,0,99.9999999999999
76,189ccc3942ea280e4a594ac9150f88ee,0,0,85.6960744242538,0,0,8.04598784846985,6.25793772727626,0,99.9999999999999
77,18a980ed927822f60eebf93600ee8ff4,0,0,0,0,79.6791032234507,0,0,20.3208967765492,99.9999999999999
78,18c43249e30ce395080c3787c50a4764,100,0,0,0,0,0,0,0,100
79,1933ac7e5faf6244d1cfacf7e2f962b0,0,0,38.3553780614902,0,0,0,61.6446219385097,0,99.9999999999999
80,194c1159c2f83a611f2fd4ff6e88d3d2,52.6772025159481,0,0,0,0,0,0,47.3227974840519,100
81,198fe54f097928b335fbff8c1d6209d9,100,0,0,0,0,0,0,0,100
82,19cecf13c04a84a08bb2babca25b766c,100,0,0,0,0,0,0,0,100
83,19f9f30d5492ed1f3f968da3d20389b1,0,0,0,100,0,0,0,0,100
84,1a1ffd50f42d8407314902832bdc51c8,100,0,0,0,0,0,0,0,100
85,1a298ba59766effa6f4c865965630b26,100,0,0,0,0,0,0,0,100
86,1a3231e8c3234d0aa74c16baee08c0fd,100,0,0,0,0,0,0,0,100
87,1aa45332969575442e0a457ef371669d,0,0,32.4347335977637,33.9304188468417,0,0,0,33.6348475553944,99.9999999999998
88,1b03c73f2f3a077f62d8bca857ea87b4,100,0,0,0,0,0,0,0,100
89,1b03d86a9059ed4cc9dd84b659d785dc,0,0,0,100,0,0,0,0,100
90,1b68945b496807a5a12b3c0eae9c5554,100,0,0,0,0,0,0,0,100
91,1b6e92475d8e58121d103a12f6915e8a,100,0,0,0,0,0,0,0,100
92,1b89949a3c3ac8ca4371667ee203afcf,0,0,0,30.3430456713335,0,8.6692651887085,55.1914481525466,5.79624098741132,99.9999999999999
93,1b9290cd00a6e0c8583431454ea9b0c6,100,0,0,0,0,0,0,0,100
94,1bf28b748e78c1e80fc6df716c119bf6,0,0,10.0557942326942,17.2081531517379,0,0,46.4387313259027,26.297321289665,99.9999999999998
95,1c26c1910f4a5624d34e527f88a1d7ad,100,0,0,0,0,0,0,0,100
96,1c2b8892a0d7f828d72808cd01cfd199,23.9297986068063,9.67837709930379,0,0,0,0,0,66.3918242938898,99.9999999999999
97,1cbb6d493860b38145f803f3f74b1b22,100,0,0,0,0,0,0,0,100
98,1cd4dd1bbaf7707c7499ecf32812e55d,100,0,0,0,0,0,0,0,100
99,1d145835e7f0188562322f4eefb02657,5.69976995980344,0,1.84740956381814,0,0,0,10.1414144706012,82.3114060057771,99.9999999999999
100,1d1d68c0261030f6885f385754f10174,0,25.586672987718,43.6344858003545,5.77316987785949,0,13.1955483158136,5.19324924049417,6.61687377776014,99.9999999999999
101,1d888199feff1c9752059c874a2591e6,100,0,0,0,0,0,0,0,100
102,1de4896460562cae3be7c9d14bfe84cf,0,71.6368894539955,3.21434665574969,5.50060674024925,0,3.14313988427796,0,16.5050172657274,99.9999999999998
103,1dfbbb0e3e17e809cf3bb4c95c673751,0,0,99.9999999999999,0,0,0,0,0,99.9999999999999
104,1e1287cb144a4dc6e06d03c80fe58028,100,0,0,0,0,0,0,0,100
105,1e96dfb861b10ebc8c4a706ccd850e3e,0,0,0,0,0,0,0,100,100
106,1ee88facc918c8c716f8e55e61ec4376,0,0,59.5554025900553,0,0,0,40.4445974099446,0,99.9999999999999
107,1f58f5c15ca292b75ca63ce317b1b712,100,0,0,0,0,0,0,0,100
108,1f80b5b1878fc99729d0468fd582f2ce,100,0,0,0,0,0,0,0,100
109,202e9ed34dba6afa11902d63287eec44,0,0,0,0,0,0,100,0,100
110,206e1c33da40dfdfaf2f1d4d91fd4e5b,100,0,0,0,0,0,0,0,100
111,21c90a4ac9f41fdef36a30a50aca034b,0,0,0,0,0,0,0,100,100
112,22e5c21043a01e0344cf499b68d05361,100,0,0,0,0,0,0,0,100
113,23e4bef11622bc852119b72044248bf4,0,0,0,0,0,0,0,100,100
114,24055c9a3d2b339846662bc114d7f158,0,0,100,0,0,0,0,0,100
115,2471254ce443ced69f86d0e59bb1f79c,100,0,0,0,0,0,0,0,100
116,24aa8d5045ca08d94ba414f4d33c2ae8,0,100,0,0,0,0,0,0,100
117,258273c0c0bb1a477bd971e7402b4e59,100,0,0,0,0,0,0,0,100
118,263e41ea2c25dc87bd2ff5910cf30d40,0,96.9036379639722,0,0,0,3.09636203602777,0,0,100
119,264dab11766c188cdbdb62a233fa738f,100,0,0,0,0,0,0,0,100
120,268188c6e7bbc5bc6398f12c4405cdbd,100,0,0,0,0,0,0,0,100
121,269fe66ba4ebf844790d45cb44007e8f,6.8874796787886,20.2174293627809,15.1140592556275,13.3354142306697,0,2.86659973132223,7.29320236626171,34.2858153745491,99.9999999999998
122,26afc91fa6959793953f6ea36e75f865,100,0,0,0,0,0,0,0,100
123,26b36ce178d7077c96a62de9701f7c3a,100,0,0,0,0,0,0,0,100
124,26b6d555823c43ff253ff556cd2a30f1,0,0,99.9999999999999,0,0,0,0,0,99.9999999999999
125,26d7569ccfb7f20a444190c8f97ef606,0,0,0,0,0,0,100,0,100
126,27e8a289c9a8d4275addcc845ed80112,0,0,0,0,0,42.2536205712395,0,57.7463794287604,99.9999999999999
127,2815815189bb8b00c9c20d6409117046,100,0,0,0,0,0,0,0,100
128,283b3d3e431441fb0c3c35eeb14b444e,0,0,0,3.45293541379442,0,0,18.7733674918658,77.7736970943396,99.9999999999998
129,284d520f7dbea4712454dfdd4e4774b3,100,0,0,0,0,0,0,0,100
130,2872e7cab81214aa8d18054fa4e095a1,0,0,28.4315767136929,0,0,27.801737744081,43.766685542226,0,99.9999999999999
131,287b5a05006d7b93e02f0dd696f08998,100,0,0,0,0,0,0,0,100
132,28878dc7f26fb8db776c59afbdef67c5,10.0478141331061,8.9491292544556,9.77009320860776,0,32.6324424816406,4.77682915471449,7.85122885743792,25.9724629100374,99.9999999999998
133,28a343f8e68bb8e40238d3e9d03894bc,100,0,0,0,0,0,0,0,100
134,28c27cab84f596d9b11f7465688fbca9,0,0,0,0,0,0,0,100,100
135,294c12d6881a2ed67aa1557cda9889ff,0,0,0,0,0,100,0,0,100
136,29534172d78e3b38b46e63f13802cb38,7.71009366069325,10.0148067744616,40.8962430149112,22.6495363557282,0,3.90544816862172,4.38191696379499,10.4419550617887,99.9999999999997
137,2963ff19cfa60a18bddc86cf1329e675,0,0,99.9999999999999,0,0,0,0,0,99.9999999999999
138,296d989bdc04ea23c4d981a50aa87951,100,0,0,0,0,0,0,0,100
139,29fb22bc2ce2d57aa5de17a3bb68f4fa,100,0,0,0,0,0,0,0,100
140,2a995443aa1ae683e5383f46368be510,100,0,0,0,0,0,0,0,100
141,2a99e57617020d9fbba680ec75ea67c3,100,0,0,0,0,0,0,0,100
142,2aa86f3bc2a828369ccadeedf4f1960a,100,0,0,0,0,0,0,0,100
143,2b34c3e9694bcb0f67be599f587521f1,100,0,0,0,0,0,0,0,100
144,2b667b514ed9850c33d5beb2d974f291,100,0,0,0,0,0,0,0,100
145,2b69bcb53f66af02dbd8562aad64e620,100,0,0,0,0,0,0,0,100
146,2b879f33553f62a331c90622d6a12325,100,0,0,0,0,0,0,0,100
147,2bce2c03a49a801da9460b2b3b98bc70,0,0,0,36.1424432675392,0,0,0,63.8575567324607,99.9999999999999
148,2bd1019de3a29d10c87892cb061dbf5c,100,0,0,0,0,0,0,0,100
149,2c070f4880cc78c48ec292dd9c89b597,0,35.9738013717219,64.0261986282779,0,0,0,0,0,99.9999999999998
150,2ccacf5be5c2dafd961cdd44fbd4e312,100,0,0,0,0,0,0,0,100
151,2cd8bf31ffd02905fe6bb593a85ba73d,0,0,99.9999999999999,0,0,0,0,0,99.9999999999999
152,2cf5ac9f1d703eb67cc4c542ed777514,0,0,99.9999999999999,0,0,0,0,0,99.9999999999999
153,2cf97de9bedb5033cfba00404b5b5818,100,0,0,0,0,0,0,0,100
154,2cfaf5f384468f6e1f9a14a97e387c21,100,0,0,0,0,0,0,0,100
155,2d229845d62de706dff656e199e944d8,100,0,0,0,0,0,0,0,100
156,2d2bbc4cfa8b494a23ea16706372d26c,0,0,63.3574641550997,14.8292354375189,0,8.4736763702729,13.3396240371083,0,99.9999999999998
157,2d5dbdf3953c4a5edb74c0f20b70d105,100,0,0,0,0,0,0,0,100
158,2db27cf51f1f53bf7a82b43876b75ddc,100,0,0,0,0,0,0,0,100
159,2f2776d82728bff604e26d00588ea3d5,100,0,0,0,0,0,0,0,100
160,2fcf4b575901d3f1184884f4b4319d2c,0,0,99.9999999999999,0,0,0,0,0,99.9999999999999
161,2ffc5bba8b56d331697fbd2db663fa69,0,0,0,0,0,0,100,0,100
162,3046627c356a24ce50a771cb00466245,0,0,82.1066309054553,0,0,0,0,17.8933690945446,99.9999999999999
163,306a74b58e82cba59fed74cbe96d8674,100,0,0,0,0,0,0,0,100
164,312462f6e0e039fc1886915e60053f38,0,0,99.9999999999999,0,0,0,0,0,99.9999999999999
165,3166a9ca05b5950776dffc690b09d7e3,100,0,0,0,0,0,0,0,100
166,3174e71b68aa3f5a8c84598bc1d3823c,100,0,0,0,0,0,0,0,100
167,318731df8b5243f85b944770513f061e,100,0,0,0,0,0,0,0,100
168,318f2e98cb53bbe6c28572083d07ab08,100,0,0,0,0,0,0,0,100
169,31b23df96901a1bd5e1959c8ef4e0331,0,0,63.3170171712322,36.6829828287676,0,0,0,0,99.9999999999998
170,31d7a4197e6d11af105227b562b7ecad,100,0,0,0,0,0,0,0,100
171,31e3b7173971c59377cc170937222f56,100,0,0,0,0,0,0,0,100
172,3310934bd7b38e0764b8e6e13c68aee0,100,0,0,0,0,0,0,0,100
173,345f8369c6698d735db7d841fae28af7,100,0,0,0,0,0,0,0,100
174,347eadb9c31e728df4865beb3d73d74e,100,0,0,0,0,0,0,0,100
175,3481fa43fe5fba6aecdc7f9aae6ed9c0,53.9103797590492,15.931981759843,0,3.44974955138156,0,0,0,26.707888929726,99.9999999999997
176,34b8c21c638b82229dd91028d5d5f28b,0,0,0,0,0,0,0,100,100
177,34cc7bfa46cf88cd6bc68800a7420c1a,100,0,0,0,0,0,0,0,100
178,356d272de2fe0c83cc55571fe50d53c2,0,0,80.17179377908,0,0,19.8282062209198,0,0,99.9999999999998
179,3591ea855118b2fbf24d186f766c5a8e,100,0,0,0,0,0,0,0,100
180,35fbecdacfd96eef8d3ddb3d9fd571c1,100,0,0,0,0,0,0,0,100
181,36232b0e9a92abeb38a7c95bef2edb71,0,0,0,0,0,0,100,0,100
182,36fcd5ca19bf1347e9e4242bf85365f1,100,0,0,0,0,0,0,0,100
183,373752118bfa5c3db00fbc43569c9716,100,0,0,0,0,0,0,0,100
184,37613602e374a10ed0f20221fa4b7f15,100,0,0,0,0,0,0,0,100
185,386ded3b082e270802555793ad86105e,100,0,0,0,0,0,0,0,100
186,38b1528eba729ffa24d94f067ca72f01,0,0,17.2711414474018,29.5555418353654,0,0,53.1733167172326,0,99.9999999999998
187,394ad671a4e482829db0efee3d21bcf7,100,0,0,0,0,0,0,0,100
188,3960afa6e463b1de2d50a287a8c54972,100,0,0,0,0,0,0,0,100
189,3961b5df811ffb2aac01c7433e43ab5d,100,0,0,0,0,0,0,0,100
190,396caae51c8f5b68846676103c3bb450,100,0,0,0,0,0,0,0,100
191,39730ff4c716d18c6f0c9e93a622a797,11.4386906208402,0,5.56126298066228,0,0,0,0,83.0000463984973,99.9999999999998
192,3974d03952175965774234a82e076821,100,0,0,0,0,0,0,0,100
193,3976a044eb8f04d719cd3b310bf006fb,100,0,0,0,0,0,0,0,100
194,3a05adfac7ca79b7a0507da004468510,100,0,0,0,0,0,0,0,100
195,3a254346bd1991847b7272974a518925,0,0,0,0,0,0,25.7508887844701,74.2491112155298,99.9999999999999
196,3a7c521ac033b79223933718a9a95f60,100,0,0,0,0,0,0,0,100
197,3accf19dc4cfadc96257705f766f44dc,0,0,0,0,0,0,0,100,100
198,3b1097b7d667177f980eb5b947f1f7ad,100,0,0,0,0,0,0,0,100
199,3b426f44c363b034b8ecccd2a3cd1545,100,0,0,0,0,0,0,0,100
200,3b6fd7be1d9b5827f77b4942a55be2e3,0,30.0368990274061,37.8971578150754,0,0,32.0659431575184,0,0,99.9999999999999
201,3bfe59464b0d58d1512685abdccb124d,100,0,0,0,0,0,0,0,100
202,3c3861c581adf9b8a8cf01f20fdbaf2c,0,0,0,0,0,0,0,100,100
203,3d5855852ed2cb0724ebaecac1c0cb35,0,0,0,0,0,0,0,100,100
204,3d814764ad662e9db17e8dcf3f69af4b,100,0,0,0,0,0,0,0,100
205,3db4a28ce2bd5314c9412f12033dcb52,23.7157470124766,0,7.65140139816652,13.0935940054328,0,0,11.7783295074741,43.7609280764497,99.9999999999997
206,3dfa8df2687d92ac8b25a5b1b107b1f0,100,0,0,0,0,0,0,0,100
207,3dfd1941c2b01116a2f0c14d277b7312,100,0,0,0,0,0,0,0,100
208,3eeb4a6278652363d350b5391ebeb470,4.42915357274284,10.3145448954691,44.7155279033983,13.1987450634257,1.63082494058769,10.8862845010804,2.60512306636121,12.2197960569345,99.9999999999998
209,3ef8d27167c0860000c175f681bba956,100,0,0,0,0,0,0,0,100
210,3f456a18968cea5c5e549e281f0f5808,0,0,74.9334507749802,11.7095074815691,0,13.3570417434505,0,0,99.9999999999998
211,3fe168c9139bc630f65f53f72d7cee58,100,0,0,0,0,0,0,0,100
212,40081d5500fa275d1f947592e5e930a7,100,0,0,0,0,0,0,0,100
213,409006fd388ce855971885b3a706d833,100,0,0,0,0,0,0,0,100
214,40a5c8768a1675dee967a388817bc1c7,0,0,0,0,0,0,0,100,100
215,40f03404f784dbfb7416525222e6ab20,100,0,0,0,0,0,0,0,100
216,414716fdf8ef15d72a04afc4f88244bc,100,0,0,0,0,0,0,0,100
217,414c4c2f759c62f31d1fe42153c4afde,100,0,0,0,0,0,0,0,100
218,418a2b59699a7eda352ca210814e0086,100,0,0,0,0,0,0,0,100
219,41aa0d37a9c4bc4a849852f7c6824e02,0,0,67.0145311201939,0,0,19.6903099550421,0,13.2951589247638,99.9999999999998
220,420f630f2002f0fe6d9e99439d070ddb,100,0,0,0,0,0,0,0,100
221,42117e1ebdedef64b0b17c0e6b9dd5fd,100,0,0,0,0,0,0,0,100
222,421d0fae90932d0fcbd4e6997f750aac,100,0,0,0,0,0,0,0,100
223,423818fcf793e94ee06524d43cede263,0,0,0,0,0,0,0,99.9999999999999,99.9999999999999
224,4240cbdefb886ef8e0b16e50862861b4,0,0,0,0,0,0,0,99.9999999999999,99.9999999999999
225,428c3ce18393b3454042be6c4bbaebda,100,0,0,0,0,0,0,0,100
226,436019fbe881f0393e69a64d44865997,100,0,0,0,0,0,0,0,100
227,4379fd2009ced9128218c7fa7cdbdda4,0,100,0,0,0,0,0,0,100
228,437cae3d52e0e623c0dab0d9009e5913,11.4545154089239,0,53.5797504668441,0,0,26.2680271523557,0,8.69770697187604,99.9999999999998
229,43d15eb64336969570d69613903d7c70,100,0,0,0,0,0,0,0,100
230,4485f750175074a24832e0b4f4511de5,100,0,0,0,0,0,0,0,100
231,4521a3276e730b362d95db8e263e4b4a,41.5520847517455,34.2936894901759,0,0,0,0,0,24.1542257580783,99.9999999999997
232,452f8b97434b4307c2fa6604d2505a5e,0,0,44.4764039453555,15.3643252480213,0,26.3383072609294,13.8209635456935,0,99.9999999999997
233,4536eac5cb6e4ec4095dcb1ad00283ae,0,0,99.9999999999999,0,0,0,0,0,99.9999999999999
234,453fa13b78e7ea5be234e881ee0ba8c8,100,0,0,0,0,0,0,0,100
235,4560358eb7673f71ba33ac0591d4ccf1,100,0,0,0,0,0,0,0,100
236,45655760a4620854ce13238384240abe,100,0,0,0,0,0,0,0,100
237,456c4231e72daa4233b7c9dfe33c5758,100,0,0,0,0,0,0,0,100
238,45762021845bcffe18e38cfccafbc01f,0,0,0,63.6368345717227,0,36.3631654282772,0,0,99.9999999999999
239,45b1b0698d69b97c0f1a04216203ea14,0,0,0,0,31.6728061504455,0,28.5288197344315,39.7983741151229,99.9999999999999
240,45b5eca5d29c0505e9976dfd76105cad,100,0,0,0,0,0,0,0,100
241,468dc5534c50832cd6741b32821615a8,0,0,0,0,0,0,0,99.9999999999999,99.9999999999999
242,46fb6c61bd3da2ee1f0f902e3c3ed855,100,0,0,0,0,0,0,0,100
243,474f1265e221464d520a3113ba0b3be2,100,0,0,0,0,0,0,0,100
244,47cf6135c8db8727a54628907821878c,100,0,0,0,0,0,0,0,100
245,47f21000b88faf8a0d4a06f8961990b9,100,0,0,0,0,0,0,0,100
246,4801f002e4758b1d78f6d3bfe20dbeca,100,0,0,0,0,0,0,0,100
247,481561b32a10f10a857468d3966c6c75,100,0,0,0,0,0,0,0,100
248,483e20e68bd99b5c15cd9bfc6c6e13dd,100,0,0,0,0,0,0,0,100
249,48a7af65c55adc4dd66178efefb01ed9,100,0,0,0,0,0,0,0,100
250,48be0ab419921a017a2f2bde22521591,100,0,0,0,0,0,0,0,100
251,49363be39f4e73fc08154c4e95e73321,27.7997864743571,0,44.5057688816551,0,0,27.6944446439875,0,0,99.9999999999997
252,494db538559fffe9f1233e228cf3b4e0,0,0,0,0,0,0,0,100,100
253,49ef3ac1550d8b721b9cf05353db4266,100,0,0,0,0,0,0,0,100
254,4a0b292ba716582f9af46694458c0b9b,84.6135839405983,6.81612513038876,0,0.980475427171017,0,0.404622951496462,0,7.18519255034537,99.9999999999999
255,4ad7d9bc50cb54458cb26233f147fb0c,100,0,0,0,0,0,0,0,100
256,4b005828a1cb2add3f80a8d6f4d87519,7.8298122718732,8.9685062795915,9.79124781888329,0,0,44.4631835064356,0,28.9472501232163,99.9999999999999
257,4b631bd997d0d08fbd2e0da1b7762c37,100,0,0,0,0,0,0,0,100
258,4b8b9dd989858d1747939231855061c5,100,0,0,0,0,0,0,0,100
259,4bf57337c825c0d8c971c5bff4b5ecac,100,0,0,0,0,0,0,0,100
260,4c27295d3e3d702dd9f57cc2885805a3,0,100,0,0,0,0,0,0,100
261,4c455f98d7d49aef24cad61ee04d41a8,100,0,0,0,0,0,0,0,100
262,4c8ea5ee642f3de5312640336c575b6c,100,0,0,0,0,0,0,0,100
263,4cac15127ed34488cb0082b088205704,100,0,0,0,0,0,0,0,100
264,4cc161333644c4770bc9e4386b09f46c,100,0,0,0,0,0,0,0,100
265,4d08fb1663e21a87a5744832a1e9e42c,100,0,0,0,0,0,0,0,100
266,4e13a88e53218d14be546cb458cf87cf,100,0,0,0,0,0,0,0,100
267,4e37ecc602277e2bb06300ca364d4cd0,100,0,0,0,0,0,0,0,100
268,4e5ff310075a50266f9d480989d68398,0,0,95.6287683655661,2.36879417792383,0,2.00243745651005,0,0,100
269,4e88579530afedc3ba64c33a96a9e9d6,0,0,43.4066159923172,0,0,56.5933840076827,0,0,99.9999999999999
270,4ed2438f1258981619546a0c37b30ad7,100,0,0,0,0,0,0,0,100
271,4f39e6542d2c7eacb72bb4c97944d169,100,0,0,0,0,0,0,0,100
272,4f6ed6c83f8924168830a34415d7c68b,100,0,0,0,0,0,0,0,100
273,4fd3cccfe6e52964d54e686f2cff6bcb,100,0,0,0,0,0,0,0,100
274,502419a4a0d188164b40db1cf6722742,0,51.6938997796692,30.7068419563242,17.5992582640062,0,0,0,0,99.9999999999996
275,509eaeea5d891500059f3b856822c912,100,0,0,0,0,0,0,0,100
276,50be1cc8e0a17ff2c871418fce496b49,0,0,0,0,0,0,0,100,100
277,51ae3f951d5da2eb1cb820d4e69f35a2,100,0,0,0,0,0,0,0,100
278,51b17b26ba159cede861e432262f0e8c,100,0,0,0,0,0,0,0,100
279,5327e163428262c6265b605f3fc3f617,100,0,0,0,0,0,0,0,100
280,532891f62eb8f52c690f9263c9fb80d3,100,0,0,0,0,0,0,0,100
281,5395cf9d11c88c5a47b933b199fb99bb,0,0,100,0,0,0,0,0,100
282,540d109fb11ccaa6e9eb9c5dffa48914,100,0,0,0,0,0,0,0,100
283,54658c5cabc3c6c07f1e6556120cc99c,4.01654942531205,13.4529261454391,32.6425638622947,9.36171003085166,2.46472933740218,3.29057326967913,4.84914251040095,29.9218054186199,99.9999999999998
284,548206eefe4c5ea97d875cbc555dae93,100,0,0,0,0,0,0,0,100
285,54a4fed584eb70cdf3b1ded95ced3086,100,0,0,0,0,0,0,0,100
286,54cb88bc28608307466fa768779a9bbc,100,0,0,0,0,0,0,0,100
287,553b1a55c324a2153f749c3ff0fcaa4e,100,0,0,0,0,0,0,0,100
288,55dc163121c4a1d1b92937f8a4736020,100,0,0,0,0,0,0,0,100
289,5852ce31a517416a948edb3cbff5d881,0,0,0,41.4593683014154,0,0,0,58.5406316985845,99.9999999999999
290,585dc9bb2ee825e1ab283e4acd5d726d,100,0,0,0,0,0,0,0,100
291,58fa394398365fc5b1b1c595c5f74a0a,0,0,0,0,0,0,28.5187503275281,71.4812496724718,99.9999999999999
292,5958fd2b7ec972907e061e8f4d0c49b8,0,0,0,31.4352180121828,0,0,56.5550384001744,12.0097435876427,99.9999999999999
293,59786a380d10830b9e9990260b401ee5,100,0,0,0,0,0,0,0,100
294,59935d1c753201147130888ba1991f8c,100,0,0,0,0,0,0,0,100
295,59cb34a45b888a29c8c99ea6864dc028,100,0,0,0,0,0,0,0,100
296,59dcf7ec9c94e2bbc2cd71132baa2f2b,100,0,0,0,0,0,0,0,100
297,59ec246a162831f517ffcb0db19f14af,100,0,0,0,0,0,0,0,100
298,5a715d5203f0606eea5fc74d02ff7d10,100,0,0,0,0,0,0,0,100
299,5b1369feba3149fd5792b5e0a7fd47cc,100,0,0,0,0,0,0,0,100
300,5b2655bcc463027d74c3eac25ee2a1d0,100,0,0,0,0,0,0,0,100
301,5bd07ab71d11ec81695388a77bfbb4d3,0,0,5.64817434892926,0,0,0,60.6293269836495,33.722498667421,99.9999999999998
302,5bd33a2361bdb1f2a899003cea925932,100,0,0,0,0,0,0,0,100
303,5c2392591fbe650b20394fc09e9ca90c,11.3491931851881,5.98943138824188,48.2285180883829,6.07398075310593,0,0,0,28.358876585081,99.9999999999998
304,5c95ce99561d835d2777253a7b2185c0,100,0,0,0,0,0,0,0,100
305,5d2e49450a273f6c0be13ac0df389082,100,0,0,0,0,0,0,0,100
306,5d485a492953c7955cd3caf340abfbda,100,0,0,0,0,0,0,0,100
307,5dc17ad9f36600d602b0ad9a4afdae7c,100,0,0,0,0,0,0,0,100
308,5dd9b4c4fb4de32a93a6e834dde0faa2,100,0,0,0,0,0,0,0,100
309,5df22111906aacf2f5b8cff0a73e8dbd,100,0,0,0,0,0,0,0,100
310,5e11e756775e843887cee96f3698bc82,100,0,0,0,0,0,0,0,100
311,5e85d2f4626a119f8780ec77db8aa6e2,100,0,0,0,0,0,0,0,100
312,5ea0bf135f2f2672d53a02c147038fd7,100,0,0,0,0,0,0,0,100
313,5ec07d5947dc2cb2651a37f634973cfd,100,0,0,0,0,0,0,0,100
314,5f0a05782df5f0cb188c3f0d33b3ee70,100,0,0,0,0,0,0,0,100
315,5f8c17bb109331397db134013bf9e9ba,0,12.1723029279208,76.4114644039159,0,0,0,11.4162326681632,0,99.9999999999999
316,5fa97937c087ce34a2c5ae09d617b9b1,0,0,29.9452610737672,0,0,3.68152015007534,47.1309475978735,19.2422711782838,99.9999999999998
317,5fc31ac51d8a26f59b6c05a32e7d864f,0,0,30.7425993207177,69.2574006792822,0,0,0,0,99.9999999999999
318,60084e541d25a87ba1e2372b61ac5ab5,100,0,0,0,0,0,0,0,100
319,60b7dd5e56c47ea36bbaf6233022f67f,100,0,0,0,0,0,0,0,100
320,6107feed8d202981b5e39e244bb4b3cc,0,0,80.3560221418431,0,0,19.6439778581568,0,0,99.9999999999999
321,610ef51aec685ff85faff035e3e3dce8,100,0,0,0,0,0,0,0,100
322,61b1eff5cdde863a62313a23a2163d9d,0,0,35.546823081374,0,0,0,0,64.4531769186259,99.9999999999999
323,61c32f7b96d66671e00dbe346282f897,100,0,0,0,0,0,0,0,100
324,621fe1385abeab35fbb5dd5731c2548a,100,0,0,0,0,0,0,0,100
325,62b0b243d6b3b2b15948054bc600ff86,0,0,99.9999999999999,0,0,0,0,0,99.9999999999999
326,62f7ecf7d05f92813a3f21b862040dda,100,0,0,0,0,0,0,0,100
327,62fcb4fd9c7dd3ab8e1235d10b693c7b,100,0,0,0,0,0,0,0,100
328,647b46bc5fa0fadf81008c9a121c2dd2,0,0,16.7731657023374,57.4067443239573,0,0,25.8200899737052,0,99.9999999999999
329,64af75de61ee5e2cd3a34505774f3c74,100,0,0,0,0,0,0,0,100
330,6502fcacc541cb84fa90daae75026392,0,0,0,0,0,100,0,0,100
331,6518e7991cd719fc0d61d0a28635be01,100,0,0,0,0,0,0,0,100
332,653334c36340a20181971e05d9b4e110,4.49176273744075,9.93365423714025,44.3297844313482,9.7944216850546,3.14120520978469,4.39341295349184,3.46357516172887,20.4521835840106,99.9999999999997
333,6557bdab92dbf97a6d0213a0a23d37e6,100,0,0,0,0,0,0,0,100
334,659604678972b48a218d5707eb070e10,100,0,0,0,0,0,0,0,100
335,65ce9d3d64d8cab95aa6b8fcbb983f4d,100,0,0,0,0,0,0,0,100
336,66895f92b47e093c9dfb1ff6b21f5f50,0,0,0,0,0,0,0,100,100
337,671c9e63ec581a926647aa9e55b69ce9,100,0,0,0,0,0,0,0,100
338,67363c5d824db69117cb52a7df0db2ec,100,0,0,0,0,0,0,0,100
339,6743d86267388e74225887defac3e471,0,0,0,0,0,100,0,0,100
340,67aa187e7915900cc6979df994fc867c,0,0,0,41.4593683014154,0,0,0,58.5406316985845,99.9999999999999
341,67d47b5fbce84d2de37cdb16a42cefc2,0,0,0,47.7022641735184,34.6326930974399,0,0,17.6650427290416,99.9999999999999
342,680a50c1257b1f625387c1f5eac1f8f7,0,0,50.9707314113036,0,0,49.0292685886963,0,0,99.9999999999999
343,68262884f1021c896f8e1bf7348d773c,8.72862996281367,21.003280058969,23.0180629426508,8.46066546151761,0,4.83456758779741,16.1054973409095,17.8492966453418,99.9999999999997
344,6836b2caf6a0afb621e0c28629cdc889,100,0,0,0,0,0,0,0,100
345,684006577d1f98f511a9178fa8d4d0e4,100,0,0,0,0,0,0,0,100
346,684f72d902355c2db48ee7ffa3956d18,100,0,0,0,0,0,0,0,100
347,685899ab474306d2bcf8f7ff67795e2b,100,0,0,0,0,0,0,0,100
348,68663ca2c52a787c0beaed8d533ab6fa,100,0,0,0,0,0,0,0,100
349,68722be9be0b6a75fd08ab3fcced5247,100,0,0,0,0,0,0,0,100
350,68a0248959d58ceddd095bab1e768a6c,7.90555712641124,0,0,30.7300264928306,0,35.2263505119934,0,26.1380658687645,99.9999999999998
351,68bcd8805e49c819041cec620e13805f,100,0,0,0,0,0,0,0,100
352,68d4cd5cb30fe81b0ba79de79bb49fe3,100,0,0,0,0,0,0,0,100
353,69719719c2db5b616794a14110c40151,100,0,0,0,0,0,0,0,100
354,697505aa8b446bbb14ec87697af83ba5,100,0,0,0,0,0,0,0,100
355,698d3fa0dde541f644e570eb403563f6,100,0,0,0,0,0,0,0,100
356,6a1366ce65d75fb099e6910eff73954c,100,0,0,0,0,0,0,0,100
357,6a345a06c10b6633471a7dbd902dd392,100,0,0,0,0,0,0,0,100
358,6a3d1a0ee0607b53d0b603def045c452,100,0,0,0,0,0,0,0,100
359,6aae9a17fbd9c7a4f55a65ef18d63320,94.4824659691998,0,0,0,0,0,0,5.51753403080011,99.9999999999999
360,6b3e01c1d5171bc9e7e2ca53367d1ba7,0,0,29.5905237163546,50.6372994681631,0,0,0,19.7721768154821,99.9999999999998
361,6b9141106e764b5efbfa24fdb03b8b79,100,0,0,0,0,0,0,0,100
362,6b94959874b693c3304e68c57cefd287,1.8171953210269,0,58.3700352224037,6.20429096044562,0,33.6084784961237,0,0,99.9999999999999
363,6bb7097fb125d076ee87e7891602f737,0,0,0,0,0,0,71.0840066418905,28.9159933581094,99.9999999999999
364,6bf97feaf42cc53df43cc5d641c5e6ed,100,0,0,0,0,0,0,0,100
365,6c12549ccdc1ef578471835b4cd0ee10,100,0,0,0,0,0,0,0,100
366,6c13e1ca4ca794eb2dc44429a68275ae,100,0,0,0,0,0,0,0,100
367,6c4615f252677b1784e22fdc5645921d,0,0,0,0,0,0,0,100,100
368,6c4d0d1b16ba3108feea0ab053e112b9,0,100,0,0,0,0,0,0,100
369,6c6209f5f79a7be45964b4d69599d1de,0,0,0,0,0,0,100,0,100
370,6c7f629c12f2bd149e9cc0dcecf9aa4e,100,0,0,0,0,0,0,0,100
371,6d00436d315d3d3d1796d82f7453ba1c,100,0,0,0,0,0,0,0,100
372,6d2033479b3f89b5ebf07b452ebdad8e,73.3732861731305,0,26.6267138268694,0,0,0,0,0,99.9999999999999
373,6e6f306a337ba255a7f4a7f8469ff691,0,53.1091581847439,0,0,0,0,0,46.890841815256,99.9999999999999
374,6e837d54e5346d9e165431ee0929aae0,100,0,0,0,0,0,0,0,100
375,6ec6560cc6192c437db3fd8c5824b7e1,100,0,0,0,0,0,0,0,100
376,6ee9a1e48df1257049776851d55dbb69,100,0,0,0,0,0,0,0,100
377,6fa38aed426f27bcdd42ce582fd293c3,36.4054802328467,0,0,0,0,17.3075215229806,0,46.2869982441725,99.9999999999998
378,7041069483b0fa362520f7ca7e77650d,100,0,0,0,0,0,0,0,100
379,709a2d9719dc0cb884f8cc28e83c8fec,100,0,0,0,0,0,0,0,100
380,70deac5e176cbef9fc0d6495bc3e9e99,100,0,0,0,0,0,0,0,100
381,712a9f69ebfdb575a72523d6cdfc8e41,100,0,0,0,0,0,0,0,100
382,7185fae8817a05b5eca080eb555db60a,100,0,0,0,0,0,0,0,100
383,719eceddaea01c79258753f027b99f97,100,0,0,0,0,0,0,0,100
384,71e79965c75da5beadef84bb90e85ac8,0,0,23.6281655305189,41.7147311332008,0,34.6571033362801,0,0,99.9999999999998
385,71eb34b47beec451b818974d6da18bdd,100,0,0,0,0,0,0,0,100
386,7200c4bdfefe29961136146f9617dbd9,0,0,0,100,0,0,0,0,100
387,720fb3169b81decf883ac4460daa438d,0,0,0,100,0,0,0,0,100
388,7215c9fa53483e5a24edfcd5785cad9d,0,0,99.9999999999999,0,0,0,0,0,99.9999999999999
389,7246f2cff9c954449d6eb7534dda92ea,100,0,0,0,0,0,0,0,100
390,7248b9bd77f755f006d7e1d346397ad7,0,0,0,0,0,0,0,100,100
391,732b608a5a32f5265c7f84a8e337f8c4,0,0,0,0,0,0,0,100,100
392,7336ee8e00ab33acffd7b35378758fb7,100,0,0,0,0,0,0,0,100
393,737b297f07a3f031c6f4ec41a6ba9dab,0,0,0,0,0,0,0,99.9999999999999,99.9999999999999
394,74499e4c6877bdca9b81acdd4172fac6,0,0,0,100,0,0,0,0,100
395,74757d3b4b6f7324b55d4873d1c2c43b,100,0,0,0,0,0,0,0,100
396,7483b49fd3c2e40e8f02f09a4ac8c83d,0,0,0,11.6987159767146,0,0,12.8323450220428,75.4689390012426,99.9999999999999
397,7492ebde5366de62c71626c385ee7284,100,0,0,0,0,0,0,0,100
398,761e2af683301b359aaae563e8eec4e0,100,0,0,0,0,0,0,0,100
399,761ead633066299a844718a936a73d40,0,17.1497715849396,16.8864193334103,50.0066716526272,0,0,6.49860727336658,9.45853015565607,99.9999999999998
400,768d126c1ae3ff037bd3678cdcc0335e,100,0,0,0,0,0,0,0,100
401,76a260f8f59893576f77d5d849fe11a3,100,0,0,0,0,0,0,0,100
402,7723845e49f46ec8d7547defc6465467,100,0,0,0,0,0,0,0,100
403,77245c9a02ccd7874ff544cc098a3eec,100,0,0,0,0,0,0,0,100
404,772ccec897aa13ca7458f659e3a6470c,0,0,0,0,0,0,0,100,100
405,77528e8e3ba134308f68ec6e4c024f94,0,0,0,100,0,0,0,0,100
406,77a6b44a084603c7457f677588af86be,100,0,0,0,0,0,0,0,100
407,787c52825ad06ecef6e6447dbb51185f,100,0,0,0,0,0,0,0,100
408,79029fa983ec4eda60117a273a52cfc0,0,0,0,0,0,0,54.0710093367857,45.9289906632142,99.9999999999999
409,79446e81bd023ac5680a8bf364e0e92a,100,0,0,0,0,0,0,0,100
410,798d6eb8bc9a7497952d01904f77e826,100,0,0,0,0,0,0,0,100
411,79c9235ff041fe76f6dc89a18c5a222a,0,0,41.3727328755905,0,0,0,22.1647011499491,36.4625659744602,99.9999999999998
412,7a54707239b322fc71b3d0b8f4c6e655,100,0,0,0,0,0,0,0,100
413,7c7c7761ed1d350dd250d3bf1f131073,0,0,1.60654711923998,4.22146977774626,0,0,12.7696106223138,81.4023724806997,99.9999999999997
414,7c9f454292d4c13da1c45f58c47098d0,0,0,74.9270750918747,0,0,0,0,25.0729249081252,99.9999999999999
415,7cc39c0c300f2294afb962e5a1f01b7f,100,0,0,0,0,0,0,0,100
416,7d4ceaca6c4f897d2504d968844ed007,100,0,0,0,0,0,0,0,100
417,7d5f671eabffd7d653d18e5598a30d17,0,19.4763364098718,17.9518253221442,0,0,0,46.7786455170019,15.7931927509819,99.9999999999998
418,7d777f189527b6367aebf03a7d976bf2,100,0,0,0,0,0,0,0,100
419,7da70622267bf719d0cc4323605a3829,100,0,0,0,0,0,0,0,100
420,7dca8eb0cf60b1afdec96cb5b47e2e96,100,0,0,0,0,0,0,0,100
421,7e1d7a9a22f31dedb63170c0a2d213f9,0,0,0,22.2018095456325,0,0,19.9716157673852,57.8265746869821,99.9999999999998
422,7e22bbb5d5c48a262e695357791d4ed9,100,0,0,0,0,0,0,0,100
423,7e2f64191301cf9c71f2edf07ce16446,100,0,0,0,0,0,0,0,100
424,7e4cd7f8b39acde4326460b77f8e203f,0,18.7730434304532,10.2476106283441,0,0,50.5848482734681,0,20.3944976677344,99.9999999999998
425,7e6fd2454d09c01fba5bfc5f34c3a2cf,100,0,0,0,0,0,0,0,100
426,7e8cd72754930304fd290598cf38df97,100,0,0,0,0,0,0,0,100
427,7ef5c30a4b97417bc8bee8d2fd5e75fd,100,0,0,0,0,0,0,0,100
428,7f1bb70a3860d2bb0d2f3ab92c6341a3,100,0,0,0,0,0,0,0,100
429,7f79adb6f17ca8c8dec3d655e2206dd6,0,11.2862928229385,55.8864100727778,22.8912298803607,0,9.93606722392278,0,0,99.9999999999998
430,7f8797896755771d320e9750fd9cdbbe,100,0,0,0,0,0,0,0,100
431,7f8e80c6681444e01f04026f3925978f,100,0,0,0,0,0,0,0,100
432,8035208e313915212b14d54b6e4b320e,100,0,0,0,0,0,0,0,100
433,8035fff4b061bc999f13f68980efc883,100,0,0,0,0,0,0,0,100
434,804bd7a11c07b916d958dff724eecd74,100,0,0,0,0,0,0,0,100
435,8086224289d38e07f3f591f75ee8d577,0,0,0,35.1910907090542,0,30.5497821476437,24.0463873328223,10.2127398104797,99.9999999999999
436,809eaf1dcafd48f1f6f1c563bd5d9ffe,100,0,0,0,0,0,0,0,100
437,80e2d4c4c3ca2ad8ce444838ec79be23,0,0,0,13.0481237630435,0,0,11.7374267960089,75.2144494409475,99.9999999999999
438,82111040033564e4025c866576f05fe4,0,0,99.9999999999999,0,0,0,0,0,99.9999999999999
439,825de04ec999845cdb08316976b6b77e,0,0,0,0,0,0,0,100,100
440,82db7380eefaef98e650944e96daf7e9,100,0,0,0,0,0,0,0,100
441,834408b5dea275ad6ac778a97c1414cb,0,43.4238863075898,0,0,0,0,0,56.57611369241,99.9999999999998
442,8375b47f50ee3b002fe82bfe00409092,0,0,0,0,100,0,0,0,100
443,838d86b47ef4ea038484750f60e8e8e8,100,0,0,0,0,0,0,0,100
444,8486668584650c491a5e6ffb7ada8c4f,0,0,70.3301792374624,0,0,29.6698207625374,0,0,99.9999999999998
445,84e7ff9bf4762d8524c746622aa60588,0,0,31.69651993487,27.1206111021536,0,0,0,41.1828689629763,99.9999999999999
446,851f2a9d09b2ae7117549b5d8c122327,100,0,0,0,0,0,0,0,100
447,85deebbd9ed381210ba89fe1ebb4b707,100,0,0,0,0,0,0,0,100
448,85e3511357d5575587f8c8ad46c64d93,0,0,0,0,0,0,82.4840927959536,17.5159072040463,99.9999999999999
449,8647a29076210fa07232f69849e6aa1f,100,0,0,0,0,0,0,0,100
450,86767671deb7857f1c53bcb37a79e858,100,0,0,0,0,0,0,0,100
451,86ea9e167839493e3a6693ee860e9e6f,100,0,0,0,0,0,0,0,100
452,8702cb67ad5c802363238c946f1792e2,30.7593580344717,0,0,0,0,9.7040369576046,0,59.5366050079236,100
453,874311c1048fd431c9e27bee67784ac7,0,0,0,0,0,100,0,0,100
454,876bd6aa4936a4b61f4bac5f6462c517,100,0,0,0,0,0,0,0,100
455,8791e7a2c0c4d463fa2d938462ddaa47,0,0,99.9999999999999,0,0,0,0,0,99.9999999999999
456,8824d757804c74db68ba56d0bbc895a1,0,0,36.8831192743429,63.116880725657,0,0,0,0,99.9999999999999
457,8864f63e09488a696754e5c3b7c51d28,100,0,0,0,0,0,0,0,100
458,89bc9fc1e1aca4e79764187955460807,100,0,0,0,0,0,0,0,100
459,89c76625e45ab0499f29cc2dc2beb69c,0,0,94.7967050668265,0,0,5.20329493317349,0,0,100
460,8a26efa88983056f2e12d8d4320f1be0,100,0,0,0,0,0,0,0,100
461,8a708778e5a5f5a6d79a3923406f7fca,47.3049665656032,0,0,0,0,0,7.74929050472497,44.9457429296717,99.9999999999999
462,8a78040f2f33e70a2a5cd4cc06229eb9,0,0,86.1191720134555,13.8808279865444,0,0,0,0,99.9999999999999
463,8aaecbcc8af4cba72ae7521704416a37,100,0,0,0,0,0,0,0,100
464,8b0f53991b69ad8d67c4e4398da1f7f9,100,0,0,0,0,0,0,0,100
465,8b946bac0b391378dca34b718624ba43,100,0,0,0,0,0,0,0,100
466,8bbba82c645a96de2f8cd933345fd39a,100,0,0,0,0,0,0,0,100
467,8c3d0f6106ed06ac9c76608c6b826b7b,100,0,0,0,0,0,0,0,100
468,8cee0dff882bcba641d15c70655bcb0b,100,0,0,0,0,0,0,0,100
469,8cff7bc3fb5f7586f26e4837583cb108,0,0,35.1660632153627,34.6751222551214,0,4.95348808317771,25.205326446338,0,99.9999999999998
470,8d494b3443d4d1e32c7afe01207e80c0,100,0,0,0,0,0,0,0,100
471,8d987e5b7ae8b6da38ce5a4c22121b3e,100,0,0,0,0,0,0,0,100
472,8db9e149f87e73a0f3244bc1d6a548b2,0,0,0,0,0,0,0,100,100
473,8dcc42cf9d3baece19ae03c55193b8cc,100,0,0,0,0,0,0,0,100
474,8df2b2e6c1cb64bd18b81d5bae7f0898,26.9517692854795,10.6631030293397,6.03982230262275,8.29730363971352,0,5.97702420854672,0,42.0709775342976,99.9999999999998
475,8df34729f7200991decde356453988fd,100,0,0,0,0,0,0,0,100
476,8e1161b45335e125da5a572c1b2cea64,0,0,99.9999999999999,0,0,0,0,0,99.9999999999999
477,8eaa747c0358556560585b2bbaffe252,0,0,0,100,0,0,0,0,100
478,8f05e134b87529e192357bb6694f36fa,0,0,99.9999999999999,0,0,0,0,0,99.9999999999999
479,8f1f0c16b5ae8d0f4a9f295ceefeb311,100,0,0,0,0,0,0,0,100
480,8f467a1986706d227431021c258caaf9,100,0,0,0,0,0,0,0,100
481,8f602e6986d0ad0f65a4e3ccccf5a167,100,0,0,0,0,0,0,0,100
482,8f813280e8cc1c972cdf97b409fa6840,0,0,70.0369935242418,29.9630064757581,0,0,0,0,99.9999999999999
483,8faf6916875b4a3437a6a10881d85cbe,100,0,0,0,0,0,0,0,100
484,8ffe6e426a7fbb702c8f81a077c8b050,0,0,0,0,0,0,28.5187503275281,71.4812496724718,99.9999999999999
485,9005b2bd52e49cfb340c70d06c46773e,100,0,0,0,0,0,0,0,100
486,9073d721ade23f471713740ae31cadc8,100,0,0,0,0,0,0,0,100
487,90a1bb27ae2234186b12e2e13b3aa253,100,0,0,0,0,0,0,0,100
488,90cd4ed839bc9a7b90f593d23ad175e8,100,0,0,0,0,0,0,0,100
489,90fbad6590399cf67234394f0a492f9e,100,0,0,0,0,0,0,0,100
490,913705560cda5be674a9cb7514dbe6df,100,0,0,0,0,0,0,0,100
491,914611172f55db70e64ff02deacd4713,100,0,0,0,0,0,0,0,100
492,914645dec731f7174d373f9d82c80b02,0,0,36.8831192743429,63.116880725657,0,0,0,0,99.9999999999999
493,914bd69bb72956f1874dcd80eeacc103,100,0,0,0,0,0,0,0,100
494,9162a2a370b1432378e0b00b408d8200,100,0,0,0,0,0,0,0,100
495,916adc5619fafc4705b3e937d5b00c6f,0,30.7618885823592,69.2381114176407,0,0,0,0,0,99.9999999999999
496,91e21bcbe4164a53c317c2de11acc757,100,0,0,0,0,0,0,0,100
497,9233e5ddae8fe129db164d1590905605,100,0,0,0,0,0,0,0,100
498,931ac7709b0d74ba3440921b1c12cdce,100,0,0,0,0,0,0,0,100
499,932bc44d957c32c1935fd542c664f02a,100,0,0,0,0,0,0,0,100
500,935e718a61988f3c326cd28d52b8def2,100,0,0,0,0,0,0,0,100
501,93c036042353c2ee4b396076814a5c6c,100,0,0,0,0,0,0,0,100
502,93c9e1a5ad3c61e3b62277645edff0dc,0,100,0,0,0,0,0,0,100
503,93fcca76cfd2a643a9b514e00e3d816f,100,0,0,0,0,0,0,0,100
504,94007ade29ecc38144b271031538f431,0,0,22.6224524774462,0,0,0,36.3587220560927,41.018825466461,99.9999999999999
505,9430299127d3ead3db04bc1987302d9c,100,0,0,0,0,0,0,0,100
506,9434f7e486b0c09d19e3db2803d7c3fa,100,0,0,0,0,0,0,0,100
507,945184b6386c192c0066e0a98a154780,55.5717297722778,25.9284103430264,0,0.945123440817419,0,0,0,17.5547364438781,99.9999999999997
508,9478594bdd83af022961e2d87e98bd32,0,0,0,0,0,0,0,99.9999999999999,99.9999999999999
509,94799f612121057be680c3cc045a7c50,0,0,0,0,0,0,100,0,100
510,94d133965042b347de449fb1f29aaf94,0,0,0,0,0,0,0,100,100
511,94effe0a05dc96c9150a37f5d8a03eb2,100,0,0,0,0,0,0,0,100
512,953d6d0a551de62b58c96dbef8759bbd,43.3290075777968,0,32.4707088863334,0,0,0,0,24.2002835358695,99.9999999999997
513,957f2e1f0a943e3be69fa1bb63eaa153,100,0,0,0,0,0,0,0,100
514,9582615945663e8fb805e031c9533ede,0,0,0,0,0,0,0,100,100
515,9624997a936686d459698425d22aae20,100,0,0,0,0,0,0,0,100
516,96c0c327e5ed4d1a092cb1c2c2c09ea4,100,0,0,0,0,0,0,0,100
517,96e36a1c36b77a91cb4e9fc44a3c3299,100,0,0,0,0,0,0,0,100
518,972db5421323b48e721ab179587c4750,100,0,0,0,0,0,0,0,100
519,9862e299b49df1f9e83de4a188a1d4a0,100,0,0,0,0,0,0,0,100
520,987869ff61a2f9aa291a016392a0b72d,0,0,0,0,0,0,0,99.9999999999999,99.9999999999999
521,989b812029d12d0ad4a169acc78453a5,0,0,0,0,0,0,0,100,100
522,99014e86179241c8213618e23ccea6e7,0,0,0,0,0,100,0,0,100
523,9a3448f8e321e17c10ac3b21ec325e39,100,0,0,0,0,0,0,0,100
524,9ac3bb1d7dedb08a012692a6f536b5af,94.4824659691998,0,0,0,0,0,0,5.51753403080011,99.9999999999999
525,9af3467db68cf6063627304cecd46a65,12.1309255956507,17.6088039581085,15.8518382559397,4.03047534185255,2.10530412522276,0.465327309973883,0.902694929377748,46.9046304838739,99.9999999999998
526,9b14f77c903bb14f1c3e47d1bea7aaac,100,0,0,0,0,0,0,0,100
527,9bbcbc5087bee1f7e3c71e407e5ae3f6,100,0,0,0,0,0,0,0,100
528,9be6210261a8b6e9574a41d62754fc2e,100,0,0,0,0,0,0,0,100
529,9c23c8201866799f614a01493a6c03ba,0,0,0,0,0,0,100,0,100
530,9c253b045234173540111db036e207ba,100,0,0,0,0,0,0,0,100
531,9c261b045dc0da456ed27b6bf7b59d74,0,0,0,0,0,0,100,0,100
532,9c7422a3a4ea092153a2fbc0fe158fa7,0,22.1419155020401,53.1847830664012,11.8928060500652,0,5.65678429676461,0,7.12371108472882,99.9999999999999
533,9c829cd83e61b28ac4816512675cd5e1,100,0,0,0,0,0,0,0,100
534,9c91506fcfd87e77a22d522610432f77,0,0,91.3003020915103,0,0,0,0,8.6996979084896,99.9999999999999
535,9ca2c56902f5f5a7391f5583e60544d8,100,0,0,0,0,0,0,0,100
536,9ce1650826f6d0a90a3b90bb6b4dbacd,100,0,0,0,0,0,0,0,100
537,9d355bb4f1a9f6dc2f32a715be4fa688,0,17.4229461680041,0,13.4215197094291,0,0,12.0733147494203,57.0822193731462,99.9999999999997
538,9d974aa1aac1ea7c3ef8462df2cfc09e,100,0,0,0,0,0,0,0,100
539,9e6c74996690d3c5e03f3c1ab168a2b9,25.0897798902551,0,5.82800284569131,0,0,5.69889627716753,0,63.3833209868859,99.9999999999998
540,9ef3321ad20cadc72156cab66b72a316,0,0,12.4525075684823,21.3095706219722,0,0,38.3380062562253,27.89991555332,99.9999999999998
541,9f073298245aa1bdbe22b3405ff40c69,100,0,0,0,0,0,0,0,100
542,9f2bf0c67b45279cca0f2ebad198aae7,100,0,0,0,0,0,0,0,100
543,9f2fc77a152fde544afb1e54864cc623,100,0,0,0,0,0,0,0,100
544,a03eece8f06f3a0ba8c73a3b0470384b,100,0,0,0,0,0,0,0,100
545,a080a409c3444a2a2ebd1d7716b1b32f,0,9.37021623610579,20.459618675411,26.8133539092309,0,40.0127617603235,0,3.34404941892864,99.9999999999998
546,a120ace2823a953a1a8cc10dd9d805e8,32.7142388952839,0,42.4058790139369,0,0,24.8798820907791,0,0,99.9999999999999
547,a16ab965f2a8f07cc6ee10b718720789,100,0,0,0,0,0,0,0,100
548,a195101653d5ef37d9d1e88fc9b000d7,100,0,0,0,0,0,0,0,100
549,a1b5c22937f5d5a044f7d3d1769975c3,0,86.5174797756268,0,0,0,13.4825202243731,0,0,99.9999999999999
550,a22f45b8a52fe5eaabfaa608c9a99c23,100,0,0,0,0,0,0,0,100
551,a2d74214b3d344f4bc384f1993bf192b,100,0,0,0,0,0,0,0,100
552,a32daa4936c79787dec61336516e0014,100,0,0,0,0,0,0,0,100
553,a35b2549d34e0cf52f2ff3b76fa35cf8,0,41.678050193551,0,0,58.3219498064489,0,0,0,99.9999999999999
554,a37e2ae258b843db9b0cc4c9a4fbdedd,0,0,0,0,0,0,0,100,100
555,a43104dcee2048ad98d8586967a4dbaa,0,0,0,100,0,0,0,0,100
556,a566ec4e86e93759c82d9042312a8823,0,0,0,41.2059571413454,0,0,58.7940428586546,0,100
557,a5676ea3d2b19bc2ef4b2d03e4ef4007,100,0,0,0,0,0,0,0,100
558,a59df495d7a3686b408b5ef42ec5b364,100,0,0,0,0,0,0,0,100
559,a652f496fb4f9105e6797d717c3926ef,0,0,0,0,0,0,14.0102119642703,85.9897880357296,99.9999999999999
560,a6aa5760f22ebe35f241dabc7c80df92,100,0,0,0,0,0,0,0,100
561,a6f7afcf5a78ba17e54e9b0f807c0d3e,0,0,0,99.9999999999999,0,0,0,0,99.9999999999999
562,a782aa30ba429a0fc4cdc70c300227f3,0,0,99.9999999999999,0,0,0,0,0,99.9999999999999
563,a7a3f61c927bd0b56a8fba1ef3e0e9c2,100,0,0,0,0,0,0,0,100
564,a7c7cef1b4d655f81476abab1ca0aceb,100,0,0,0,0,0,0,0,100
565,a7dab9ed132b8703113c7309ac9f21f9,100,0,0,0,0,0,0,0,100
566,a8f6760bd4378818c3baa8a9129cd930,57.2638046496856,0,9.2374985011105,0,0,0,0,33.4986968492038,99.9999999999999
567,a8fc0190242a0c08b4cab426bedd08e7,100,0,0,0,0,0,0,0,100
568,a9cdace376f468b22ea7bac7de7e029c,0,0,3.38419737802344,5.79126674921374,0,0,52.3248238936132,38.4997119791495,99.9999999999998
569,aa5c4c130c20958ab0c3eb456b4c14a5,100,0,0,0,0,0,0,0,100
570,aa8553ebd7e5dcc37bd9437e0cbe425e,0,0,0,0,0,100,0,0,100
571,aa9c49ba481ae61591972fc4e6bfa3d4,0,99.9999999999999,0,0,0,0,0,0,99.9999999999999
572,ad07e5885874179952e16bf2f7bb57b3,100,0,0,0,0,0,0,0,100
573,ad21433cd7eaebda836af769c0c65962,100,0,0,0,0,0,0,0,100
574,ad9e0017fee8f1eaaf3c142b2c9fa459,0,49.1284798573182,0,0,0,0,50.8715201426818,0,100
575,adf8882d5fd60155f03f9a52e900d32d,0,68.9581391619396,31.0418608380603,0,0,0,0,0,99.9999999999999
576,adfd3db87ce80da9d36b211966adb791,100,0,0,0,0,0,0,0,100
577,ae22cc51d3b090a8e9daa13010025677,100,0,0,0,0,0,0,0,100
578,ae608dccffcb0690c6625b4025e3e829,100,0,0,0,0,0,0,0,100
579,aecdf2c7b0c2b04c34ef25bd047e4526,100,0,0,0,0,0,0,0,100
580,af27577de5edb10c09f7fc19b9ca45ca,0,21.2687181615487,22.2871025002413,29.3612362844263,0,14.1440086704914,10.2462871489584,2.69264723433361,99.9999999999997
581,af767841e471a66891128768eb008fdc,100,0,0,0,0,0,0,0,100
582,b0c5a808e5239ef0bcec3d38f9e76abf,100,0,0,0,0,0,0,0,100
583,b0d9d839b565b4ab45d429df3c116c7f,100,0,0,0,0,0,0,0,100
584,b135fbde5a9c861d458a21258afbda94,0,100,0,0,0,0,0,0,100
585,b1f301d2ff4eeb910865de4db512b6f5,100,0,0,0,0,0,0,0,100
586,b21e555d627a50e8cdcbbb442ebdc17f,100,0,0,0,0,0,0,0,100
587,b22b0e9f6ef918a048c62ea2ff0682f8,100,0,0,0,0,0,0,0,100
588,b2a2f91533cc65e9c0a116fcbaa6a0cb,100,0,0,0,0,0,0,0,100
589,b342fad74a35262463a4e6d86ca6d03d,0,0,0,0,0,0,0,100,100
590,b36023fc56449cdd4e744a34b01598f8,0,56.0079029492091,14.2337820960402,0,0,19.7229789269065,0,10.035336027844,99.9999999999998
591,b37a85b23d8305642003ecf098354980,100,0,0,0,0,0,0,0,100
592,b41ab00a0792349e98a0ac43416df5d0,100,0,0,0,0,0,0,0,100
593,b4289ab0a9a00034c1fbce477b2c4ded,32.5263419750165,2.83756487219765,2.50205687026085,4.95918031875175,0,8.94335611234981,0,48.2314998514232,99.9999999999998
594,b4a92e1f0246230e7e39e7ba2eb97f81,100,0,0,0,0,0,0,0,100
595,b4bcaec96da4588bee630743cbf8534f,100,0,0,0,0,0,0,0,100
596,b4d6383973c9e7432aec2f2cf1b0c02a,100,0,0,0,0,0,0,0,100
597,b5404235792bb1ca0d7a6f2fa0c7fa82,0,0,0,0,0,0,0,100,100
598,b590f4c2f8a5c42329f1fef8c6d55035,0,0,0,0,0,0,100,0,100
599,b5da70304926e3dcc581fce312054d02,0,34.7118827407691,0,26.7398070259891,0,0,0,38.5483102332416,99.9999999999998
600,b5e3f4134940ad7d4194f9be94bc6364,100,0,0,0,0,0,0,0,100
601,b6afb3953a414bc9af308a3e78ad1833,100,0,0,0,0,0,0,0,100
602,b6e278bd7cd9488bbd24abc5468f839a,100,0,0,0,0,0,0,0,100
603,b744eae1244325f606575483df0de67e,0,0,79.7024437860581,10.1975464589586,0,9.19062215493217,0.909387600050968,0,99.9999999999998
604,b83397c4705d2b88d5c1d00bd7179463,0,0,0,0,0,0,0,100,100
605,b8515822d727497d35fbebe5eb9c6853,100,0,0,0,0,0,0,0,100
606,b865ca6fc3672f200a473a80ab17dba3,100,0,0,0,0,0,0,0,100
607,b889ed1ea272958cf0709e2f7a7db3ad,100,0,0,0,0,0,0,0,100
608,b899be5a0112fa5d46fea0ba45e66145,0,0,27.039285045362,52.1489974444896,0,0,20.8117175101483,0,99.9999999999999
609,b940a737dc5f3d478513a8c79b1b97b9,100,0,0,0,0,0,0,0,100
610,b96ea0d3eaa1a062c1e8411c138f7e28,4.41667798286107,6.6340580859357,17.6523813234415,10.84987758661,0.850620187109944,34.7528268137632,23.222809178849,1.62074884142943,99.9999999999999
611,b9c745145a0ee3b3367b59d373d6f12c,100,0,0,0,0,0,0,0,100
612,b9e0875af15e1b7962703df443924443,100,0,0,0,0,0,0,0,100
613,b9f154663a53f22cd5766279276ad03b,0,0,0,0,100,0,0,0,100
614,ba14529051bc0432b951d31123db1be6,100,0,0,0,0,0,0,0,100
615,ba5fe55bad66634c698f78fe021af9d4,100,0,0,0,0,0,0,0,100
616,bac7cc6bc7014798286fdd71f1368710,100,0,0,0,0,0,0,0,100
617,bb065c1d5eb7a3d3a041a66477ffcb3a,100,0,0,0,0,0,0,0,100
618,bbe914cfcf51815d92e2d2b19834fa2d,100,0,0,0,0,0,0,0,100
619,bc28ea6497753473b2064f41bc658601,26.4110439687608,20.5742983902,0,0,16.4584677931522,0,19.766300825824,16.7898890220628,99.9999999999998
620,bc318bc64ee941610743af541b82ba1d,8.04517843769754,3.58051450363667,18.1569233462793,15.4731798632178,4.13184824405007,32.0114066183743,16.4702017730955,2.13074721364867,99.9999999999998
621,bc4afe0a46c7f6403634997e40a1e7ff,100,0,0,0,0,0,0,0,100
622,bca06675819d1a1fac77abb6b094591b,100,0,0,0,0,0,0,0,100
623,bcba47620c299fd34809f143e3d26dff,52.7365529802365,4.86679510516438,6.65336001982592,0,0,0,1.34361914413267,34.3996727506403,99.9999999999998
624,bcd2a540066ab78c8a444e7534238c86,100,0,0,0,0,0,0,0,100
625,bcebbe0980543cd0c7cf71553f39e6c3,100,0,0,0,0,0,0,0,100
626,bceddcb31e058b7d9397066a7ff405e6,0,0,99.9999999999999,0,0,0,0,0,99.9999999999999
627,bd24f2a969d42ac6606d232f59f0de88,100,0,0,0,0,0,0,0,100
628,bdab3e47f7eaafb78187819c5c9c5505,100,0,0,0,0,0,0,0,100
629,bdbeb6ce61f002f07064ecc8dd70dbd5,100,0,0,0,0,0,0,0,100
630,be87a8438f696ffff14b79d6ce7742a5,100,0,0,0,0,0,0,0,100
631,bebe0d7fb3dcb52b47fa05da386d8420,0,0,0,43.3037860750345,0,0,0,56.6962139249654,99.9999999999999
632,bf75f2ad2e3b2542f1f3548e78459815,100,0,0,0,0,0,0,0,100
633,c00d760a011e958289d4874911fad7a3,100,0,0,0,0,0,0,0,100
634,c01a7a0c7d941e5dcc2f928bf0bdf06e,100,0,0,0,0,0,0,0,100
635,c091a1b0673d85664b2a74ed7d399674,100,0,0,0,0,0,0,0,100
636,c0e401a9ec4d7d204d57b7f2724b6897,100,0,0,0,0,0,0,0,100
637,c0fd0d090593e2b69c3a735e115e1f1b,100,0,0,0,0,0,0,0,100
638,c110ab0f7cf9faf7ab12953417d85b4c,100,0,0,0,0,0,0,0,100
639,c13d6c2cadba7bd98e1d6982c38cc2e2,0,0,99.9999999999999,0,0,0,0,0,99.9999999999999
640,c1ba9460c7bf03aa48206243533697a9,0,14.3339963950743,10.5093966297209,42.2042927844912,0,0,6.16659477713508,26.7857194135784,99.9999999999999
641,c1ee0c7bd2a5652c66779004eebac27c,0,13.9535554724739,7.61680458965742,13.0343896138542,0,0,0,65.3952503240143,99.9999999999998
642,c1ffec3e68d94c905a648e7664c2d2b3,0,21.9730245473342,4.89415949015285,8.37521573201655,0,4.78574016464602,24.3517580161152,35.6201020497349,99.9999999999997
643,c24f7df97598f1eb736fea296c9fc2cb,100,0,0,0,0,0,0,0,100
644,c28ab480eb7e125aeee85de2c3f92ba2,0,0,0,0,0,0,100,0,100
645,c2b524b593511377e6937d7d94b8611f,0,0,27.4427000880345,0,0,0,0,72.5572999119654,99.9999999999999
646,c2c77b8e88e01012f801f28aa18bc08c,0,0,0,7.54101872378419,0,0,11.945876358304,80.5131049179117,99.9999999999999
647,c2d8e951da82b317976fd2e36a66211c,100,0,0,0,0,0,0,0,100
648,c2e56bc49907dceef6ba5ffadc46799b,100,0,0,0,0,0,0,0,100
649,c39ea129388a077989abed2081b5fe88,0,0,86.3912053832312,0,0,13.6087946167686,0,0,99.9999999999998
650,c428552adab88738378b4fd67be5faeb,0,0,39.379862929266,0,0,0,60.6201370707339,0,99.9999999999999
651,c4730fe5abeef0e1bfea83194471abea,100,0,0,0,0,0,0,0,100
652,c50d27667dc962fe80f742a078d88b03,100,0,0,0,0,0,0,0,100
653,c58754f3613677615cb80ce5013b088c,100,0,0,0,0,0,0,0,100
654,c5bad138de410e3fed48f35caafad40d,47.3585830949042,8.62722236638727,4.70932781583322,10.6092461495749,0,0,0,28.6956205733002,99.9999999999998
655,c646ade11a5124c0a97bd0d40898adf6,0,0,0,0,0,0,72.7675095396806,27.2324904603193,99.9999999999999
656,c6a1abf2288f0af3d37bf4015c4153c0,0,100,0,0,0,0,0,0,100
657,c6aeb184656553cd64600e29829574b6,100,0,0,0,0,0,0,0,100
658,c6b2fdcf5a57e4d7314dfa0ce2e1112d,100,0,0,0,0,0,0,0,100
659,c6d7aff523921142e4bd43bb1d9518e7,0,0,0,58.3629160915622,0,0,41.6370839084377,0,99.9999999999999
660,c6fb5263d12a241ac755cdf27df9f9a2,0,18.2119244245114,67.7587776454349,14.0292979300535,0,0,0,0,99.9999999999998
661,c79a813ff3faab143e9d2183861efa25,0,0,43.4066159923172,0,0,56.5933840076827,0,0,99.9999999999999
662,c7b845d44731cd4ac25745f0dcfcd0f0,0,0,99.9999999999999,0,0,0,0,0,99.9999999999999
663,c80129c549f593a79139fb39321b12dc,0,0,63.6771324206497,36.3228675793502,0,0,0,0,99.9999999999999
664,c818755024485a2d53ad2c8b9d4d179a,100,0,0,0,0,0,0,0,100
665,c8a2ec8814acdc2de79ee9cc455a62de,100,0,0,0,0,0,0,0,100
666,c8fa73f100276b55f16eebedec5f8b61,100,0,0,0,0,0,0,0,100
667,c9049202e37dc92d62a254da16a71985,100,0,0,0,0,0,0,0,100
668,c912e2b3d4aa2a14ed45d8f9a5140b57,100,0,0,0,0,0,0,0,100
669,c9160dc1dad895f710f58c2cfbabbafd,100,0,0,0,0,0,0,0,100
670,c969bfaa705cf93b9c3df9868d0efd29,100,0,0,0,0,0,0,0,100
671,ca019dc1f7991a3f2a30faf861bee144,0,0,0,51.5680617909782,0,0,48.4319382090217,0,99.9999999999999
672,ca3a23e08569cf875944dac81527e3c4,0,0,0,0,0,0,0,99.9999999999999,99.9999999999999
673,ca5cd113e28fdf971e528cfb0baac2a9,0,0,0,0,0,0,0,100,100
674,cabf34e9db3b4d2eeba9263a7267bdbe,0,0,100,0,0,0,0,0,100
675,cae33a7d5f2c2e4efab7a096e71afddf,0,0,12.2176163742523,0,0,0,19.6361079057311,68.1462757200164,99.9999999999998
676,cb482446f0df366b3a9fcfed56fe2c2c,0,0,74.5752094007087,0,0,0,22.3508728722023,3.07391772708883,99.9999999999998
677,cb62c315c3bcf5b7413978bbbfce1296,0,0,0,0,0,0,0,100,100
678,cc4fa9a30fb72ffe2170c798191b1aba,0,0,0,0,0,0,0,99.9999999999999,99.9999999999999
679,cd3252d96bdb1efe5fc05bc00a9d9309,0,7.47383014302923,61.25895917825,7.23234193637323,0,24.0348687423475,0,0,100
680,cd37e3b7102cf737f4e3715bfa2767b5,100,0,0,0,0,0,0,0,100
681,cdb1db456ee57bda9f9905097b744c2a,100,0,0,0,0,0,0,0,100
682,cdcc3afd3d944a689480601359e3c039,0,0,5.15211594020851,0,0,10.0759643152531,24.8413851227086,59.9305346218296,99.9999999999998
683,cdfcad1c21572a1b061f0dad77c88d96,100,0,0,0,0,0,0,0,100
684,ce3e080723c09bdf9ae5cf385f212147,100,0,0,0,0,0,0,0,100
685,ce8c7859a1c415812d068badf91ab4b6,100,0,0,0,0,0,0,0,100
686,ced249b2be365a2387ff0bf20ad097f5,100,0,0,0,0,0,0,0,100
687,cf274c883bd63ee19420c843e6ad36fa,0,0,99.9999999999999,0,0,0,0,0,99.9999999999999
688,cf3d2fc8ee670732652d41032d037199,100,0,0,0,0,0,0,0,100
689,cfe7cd00eef85ea9cdae9af8fed5d810,100,0,0,0,0,0,0,0,100
690,cff904a5584fa97ecb015aa9981c54bd,100,0,0,0,0,0,0,0,100
691,d0216edbdb07ec2b2d8becf26467a165,0,0,0,0,0,0,0,100,100
692,d118854b81e1eb3096a5f8f78036b3cd,100,0,0,0,0,0,0,0,100
693,d1846621d56307859a8d6c6bf12e33cd,0,0,37.5799678029801,0,0,62.4200321970199,0,0,100
694,d1e07c73ad801203d4e9301d0885c452,100,0,0,0,0,0,0,0,100
695,d27240df01f6d21aaf64f8f079dde6a8,100,0,0,0,0,0,0,0,100
696,d2a49edc7edcf70e81b846db923a81ea,100,0,0,0,0,0,0,0,100
697,d2d5427ea6e035b016300288ed5695e9,0,0,42.3438434016467,0,0,57.6561565983531,0,0,99.9999999999998
698,d2dbd72ea3fc1376a0168d5165f0b3cf,100,0,0,0,0,0,0,0,100
699,d3ad2a9babf018d1e4055344ed340512,100,0,0,0,0,0,0,0,100
700,d3feb9e42b965b8ae07b535094b9b5c2,0,0,0,0,0,0,100,0,100
701,d41f6177db9a23f2c043d85c86823523,0,23.6642779921745,51.0728813840837,0,0,25.2628406237416,0,0,99.9999999999998
702,d47d8079ce4160fc003bde985b2fba98,0,0,5.4261956097966,0,0,4.86138802694683,25.6799872337795,64.0324291294768,99.9999999999998
703,d494b4cf38ff626021577e5731796ea4,100,0,0,0,0,0,0,0,100
704,d53fd85b77ebcb4df72e2cc2ea68a887,100,0,0,0,0,0,0,0,100
705,d6122a0717877cf7fa6bac67db2742b8,0,0,0,0,0,100,0,0,100
706,d648af0ea7e07ec7d5f1ba057e5772e9,100,0,0,0,0,0,0,0,100
707,d6fa1f6cc8d311c8bd7e662f8f427806,100,0,0,0,0,0,0,0,100
708,d70adaf7d3d98a3004a9dcf45f734e64,0,0,99.9999999999999,0,0,0,0,0,99.9999999999999
709,d75e413ed67d214101719309ae108092,100,0,0,0,0,0,0,0,100
710,d7bcf10280a09cd0b463ce3f2d218d9c,0,0,60.4673416568251,0,0,0,0,39.5326583431748,99.9999999999999
711,d7f22c42ec52a5a9429fdd3e4737d976,100,0,0,0,0,0,0,0,100
712,d829bee4984f82ffc2453212157caf96,6.46175017561751,2.22979728807271,2.54296011298672,1.88275503516896,0,0,8.76664983778445,78.1160875503694,99.9999999999998
713,d8620daa8f4e225a86a1daa88ca54ff5,100,0,0,0,0,0,0,0,100
714,d88ed905438959fd8ee98652a99e4ff3,100,0,0,0,0,0,0,0,100
715,d8e026edb315584aa272253118b53030,100,0,0,0,0,0,0,0,100
716,d8fcbd135a0870e607b56512eef35bc4,0,0,28.0355400783271,71.9644599216728,0,0,0,0,99.9999999999999
717,d90dd231fb113fd25eebc9072882c3d7,100,0,0,0,0,0,0,0,100
718,d96480658564d491b9b80e8146492444,100,0,0,0,0,0,0,0,100
719,d9778b433d6cafa508cce423d2b8026e,0,0,0,0,0,0,0,100,100
720,d9a103e746b0ddff56c17319c3d0707a,100,0,0,0,0,0,0,0,100
721,da4e489e3b71d1b9b24db9ccb93371e9,100,0,0,0,0,0,0,0,100
722,da64c3f2e4af6b449f4de888631f8668,31.1140662168574,44.8656338404126,16.1326611552486,0,0,7.88763878748124,0,0,99.9999999999998
723,dae89cadde36f19ae08069f6cd94515d,100,0,0,0,0,0,0,0,100
724,dbf891b81810bae2731119f803bdd6e6,100,0,0,0,0,0,0,0,100
725,dc5ae823ff500cf97c64d553e85977ec,0,0,99.9999999999999,0,0,0,0,0,99.9999999999999
726,dc6333ca9fbfa7b602ec11dfee6253ee,100,0,0,0,0,0,0,0,100
727,dd2bdfb7c5d97b29b571f5abb1710153,100,0,0,0,0,0,0,0,100
728,dd33e5ccad733c1fba09fc342341bd6b,100,0,0,0,0,0,0,0,100
729,ddaabd06670c314ac05b66698c9f59b9,100,0,0,0,0,0,0,0,100
730,de215b4a8d694defc318ca6a8679185f,100,0,0,0,0,0,0,0,100
731,de8e378b218a00d3550acae409a8d118,0,0,99.9999999999999,0,0,0,0,0,99.9999999999999
732,deed98f09fe532868f6e52a8be480327,100,0,0,0,0,0,0,0,100
733,df5a202cb8b5dd965d25b663c02af8d0,69.0856421438818,0,5.11727786044683,0,0,25.7970799956713,0,0,100
734,df618f0ba24ea45acf901dd99b30b4a6,0,99.9999999999999,0,0,0,0,0,0,99.9999999999999
735,dfc6c41fc8f0213cef97dc49b1d21daa,100,0,0,0,0,0,0,0,100
736,e007841bb000bd7f1c0884eebf2da7e8,100,0,0,0,0,0,0,0,100
737,e0112473f91d74a9e0b36bda66d007e6,100,0,0,0,0,0,0,0,100
738,e09f97d9f9240a8db6364dea88fcd7cd,0,4.8366305368604,25.1391044730713,0,0,0,24.9307730901405,45.0934918999276,99.9999999999998
739,e0b525e7f04868bbd1ba255958380603,100,0,0,0,0,0,0,0,100
740,e108a9fe69993777a07aaddcfd9efcd3,0,0,0,0,0,0,100,0,100
741,e14059e8e6166afbd514f1ec1ddf85f9,100,0,0,0,0,0,0,0,100
742,e1695c6a045496cbccbd8e8d6d275877,100,0,0,0,0,0,0,0,100
743,e16ac88e31b019ac03262754e3c94021,100,0,0,0,0,0,0,0,100
744,e2700aefa86b128937c05f4f4dd45b71,0,1.3442940022372,3.79126102856046,11.3911362059823,0,0,10.2468852816811,73.2264234815387,99.9999999999997
745,e29dfe57d2718467d97c650daf2f4ec8,100,0,0,0,0,0,0,0,100
746,e2a35867731fb073463f823bb3f063d2,0,0,31.4061228345839,9.02696248298094,0,0,32.4807806113555,27.0861340710795,99.9999999999998
747,e2b7ab9a407ebdd0c121d5a5795a74d4,0,0,11.6845229939917,0,0,0,36.7661137372164,51.5493632687917,99.9999999999998
748,e2eef4e13ee6ad0dc1de2c998e77aeaa,100,0,0,0,0,0,0,0,100
749,e307c2c4e97c99077dff18a8c85de57b,100,0,0,0,0,0,0,0,100
750,e390c9c0c3358a0d0b8f272821e949ea,100,0,0,0,0,0,0,0,100
751,e3f12854c3e9aa1ccf25b5022316be45,100,0,0,0,0,0,0,0,100
752,e4034e587d77a19c17a7bbba0224e4ce,100,0,0,0,0,0,0,0,100
753,e416d0916760d2fc17b616e2ac3ad855,0,8.90362070809043,38.2221993655373,3.96532191526631,0,14.9533844465418,31.4391887892438,2.5162847753202,99.9999999999998
754,e4909afbea1157e9a3facb213914e0d8,100,0,0,0,0,0,0,0,100
755,e4a5397287ad43e9a3107baa19ba7f18,100,0,0,0,0,0,0,0,100
756,e4d1a7edc70a5b859d68e0146708f3fa,0,0,65.7394105762591,0,0,0,34.2605894237407,0,99.9999999999998
757,e4dbe0e77cbabbd4e38a3559adf9f4ce,100,0,0,0,0,0,0,0,100
758,e5581220fe173ceaa6334b3efea7f16a,100,0,0,0,0,0,0,0,100
759,e58635da024cba851c640eb384bc8fad,100,0,0,0,0,0,0,0,100
760,e665ec34f01828d56f13cdba3171e487,0,0,100,0,0,0,0,0,100
761,e679c60f5afb7af57e3c8ba73c821ffe,100,0,0,0,0,0,0,0,100
762,e6b4c3ea7f9670927b4f676146a5e0b1,0,0,0,0,0,0,0,99.9999999999999,99.9999999999999
763,e6c57d69b9bfa8221cbefe810a9d5b58,100,0,0,0,0,0,0,0,100
764,e6f711641e0bd8c6d4e65797f2f6e2ce,0,0,99.9999999999999,0,0,0,0,0,99.9999999999999
765,e75b64d9a241f71d7874c5b4e6007719,100,0,0,0,0,0,0,0,100
766,e783d831b37389598a6af3988dfecf57,0,0,0,0,0,27.2154292325045,0,72.7845707674955,100
767,e7d7874ce46514c5cabde5c99bfc46c0,0,0,0,0,0,0,0,100,100
768,e7e0b9ffabbd2fdde7cd60b2f9ec13b0,100,0,0,0,0,0,0,0,100
769,e832bb509af98bf15c612c4f7eb691cb,100,0,0,0,0,0,0,0,100
770,e843282e6943834d59e9c0d178b1fd6e,0,0,79.5822576610035,0,0,0,20.4177423389964,0,99.9999999999999
771,e88ea770385d1c4eaa4c13c719b6727e,100,0,0,0,0,0,0,0,100
772,e8b842bca34212429a49f5ae971c54d0,0,0,0,0,0,0,0,100,100
773,e8ba55147b9ad20fb841ceac97fd8259,100,0,0,0,0,0,0,0,100
774,e8ea063d585012180c88cad804bf0514,100,0,0,0,0,0,0,0,100
775,e906d71b828d6c2eaeb89ec0b71b8522,100,0,0,0,0,0,0,0,100
776,e9277980eb5c5f8dd783fd34cf9a8a8a,100,0,0,0,0,0,0,0,100
777,ead774fbed18df6bc6636926428de991,100,0,0,0,0,0,0,0,100
778,eb2625c1474f98f554b002fcd5d1088e,0,100,0,0,0,0,0,0,100
779,eb3a3f122481b131eb8d59ecd9622b4a,100,0,0,0,0,0,0,0,100
780,eb4373ce1d76f6ba65f0b13053298f5c,100,0,0,0,0,0,0,0,100
781,eb5566411a98964873c995c18df4ce7c,100,0,0,0,0,0,0,0,100
782,ec19ef66883b36d2b73e77929806ee7f,100,0,0,0,0,0,0,0,100
783,ec1b43e5744d0729275b2baa1c16ede9,0,0,99.9999999999999,0,0,0,0,0,99.9999999999999
784,ecf34002e3cda4cc1ac3054b88d02335,0,0,0,72.356417993264,0,0,0,27.6435820067359,99.9999999999999
785,ed2eb6ac508f37ba647bf84a1fa95467,100,0,0,0,0,0,0,0,100
786,ed679c8b2225afeab7d2cbe5e4d9eb1e,100,0,0,0,0,0,0,0,100
787,ed69b64a4b1814ef4240d4eb0bcd2886,100,0,0,0,0,0,0,0,100
788,ed6a72ed7be4f9b7dbd66690778a4954,100,0,0,0,0,0,0,0,100
789,ed8ebd787849900ca1a9ad4456b363d8,100,0,0,0,0,0,0,0,100
790,ee705bbea43c68a47a9c2ba41efa2067,100,0,0,0,0,0,0,0,100
791,eec38684d93d85cbcb4767d988c263d6,100,0,0,0,0,0,0,0,100
792,eed757da9e4cc61c013751ecb940155f,100,0,0,0,0,0,0,0,100
793,eeeb5105372ea94b20dcc1236737d0f1,0,0,0,0,0,0,0,100,100
794,efab83a261720b9896e6d0b4af0fc418,0,0,0,0,0,0,0,100,100
795,efc0c2b2d4a54f3521fbf26ce1ea5744,100,0,0,0,0,0,0,0,100
796,f0032821fb6aef3771afb4f5d698c64c,100,0,0,0,0,0,0,0,100
797,f008431a817e196c41afbb880e77f62c,100,0,0,0,0,0,0,0,100
798,f01b1545622876aa86b0825f80096283,100,0,0,0,0,0,0,0,100
799,f082e74493d88ffcf9fe9db1ebfbe247,0,0,99.9999999999999,0,0,0,0,0,99.9999999999999
800,f0fad6a969f08e9eafe1fbd3f75174e4,99.9999999999999,0,0,0,0,0,0,0,99.9999999999999
801,f0fdcec254fe3517bbee39848a0c9bdc,100,0,0,0,0,0,0,0,100
802,f174710e39f2bc85585ff6abcca3bb8d,0,0,0,100,0,0,0,0,100
803,f1dbe0f3476c8b5948f8c288ba17e015,100,0,0,0,0,0,0,0,100
804,f22dbe466ab7a6820a3fa8f0c23529d6,100,0,0,0,0,0,0,0,100
805,f2dbe887faa45c96eda7c9c8ae55c3b8,0,0,99.9999999999999,0,0,0,0,0,99.9999999999999
806,f31d16db4d812212a62597650028a714,100,0,0,0,0,0,0,0,100
807,f3357a0594408ba63d9ed4475a58cb5c,0,0,0,0,0,0,0,100,100
808,f36ddb4c7246d7c6d88c3bb55ae83728,100,0,0,0,0,0,0,0,100
809,f37d89376367b7b4564713fdda79135e,100,0,0,0,0,0,0,0,100
810,f37fc1dccfeba0004cbeb4f1ad6083c6,0,16.2626446050006,9.21152907504,7.88169484264124,0,0,0,66.644131477318,99.9999999999998
811,f3837a28990c8203316fd181cb5e7548,100,0,0,0,0,0,0,0,100
812,f39fbafdbc6aba623f1e1a7dd409c7fd,0,0,31.6026525528707,27.6804087164843,0,15.8170545102366,24.8998842204083,0,99.9999999999999
813,f3adc35cb1fc524f48eba2a0ea2c2b07,7.97834275434033,20.7762148751629,21.9061241318494,16.6938668503383,0,3.07171120579285,4.43960577039383,25.134134412122,99.9999999999997
814,f467f8787adbb3e5fc9f1bc590118e1d,0,0,0,0,0,0,100,0,100
815,f4be3dfec9008aff7525cc343b2a2c6a,100,0,0,0,0,0,0,0,100
816,f4dfcc1055f7e4e1ca4860e2363c3424,0,0,0,0,0,0,0,100,100
817,f4edbfafbee48621a22f7ac8b8f43301,100,0,0,0,0,0,0,0,100
818,f5c1b0454aa31d567877d74dd786d3ba,100,0,0,0,0,0,0,0,100
819,f6029a0964083d893c88ff8ca1a1b877,100,0,0,0,0,0,0,0,100
820,f609698e16aa0ceed8b7241f2f630790,100,0,0,0,0,0,0,0,100
821,f64e8d958cdcb057a6580e60f7ac5a48,100,0,0,0,0,0,0,0,100
822,f672aa3aea2d03f0b297739022e9b716,2.57194883583537,22.5646911558278,21.1748050987339,13.5160904309219,0,0,10.6034139534155,29.5690505252651,99.9999999999997
823,f6993beabadbc2d48cde2242c9c0ee72,100,0,0,0,0,0,0,0,100
824,f7265a7bcfa4c198b470eff433eae809,100,0,0,0,0,0,0,0,100
825,f73a514dc412befd0f1e0a42e7e3e476,100,0,0,0,0,0,0,0,100
826,f791e5818bef68986c15d276727301dc,100,0,0,0,0,0,0,0,100
827,f7d481c6e4ae9e0ac296fe40603965f7,0,0,20.9313051322943,0,0,79.0686948677056,0,0,99.9999999999999
828,f7f333dfbd598070147f2d71044066bc,0,0,57.9617282236067,0,0,0,0,42.0382717763932,99.9999999999999
829,f843280e536332659be5026d543aa7d5,0,0,99.9999999999999,0,0,0,0,0,99.9999999999999
830,f872c03e9e783fe938a03ae69d093916,100,0,0,0,0,0,0,0,100
831,f902de6098ca3570608e576b6658d8c5,0,0,73.6053828206608,0,0,26.394617179339,0,0,99.9999999999998
832,f908a38600f83fdc81be5d4d19e1c44e,59.0482690925697,19.3043769914965,0,5.27097851898619,0,0,0,16.3763753969473,99.9999999999997
833,f91201adfe8be6ff17177daa8bb13518,0,0,0,0,0,0,0,100,100
834,f92b97926565d3534540356ddcb37cb2,100,0,0,0,0,0,0,0,100
835,f92f984472f5f047a89025572d777c1b,100,0,0,0,0,0,0,0,100
836,f94267832a629ea090b3a9c10750247f,0,0,0,0,0,0,0,100,100
837,f946b50381ec921baf3aeb617487cae2,0,0,0,0,0,0,40.7253951548163,59.2746048451836,99.9999999999999
838,f9491c3e6b9696bee439b98d32336180,0,0,38.0264957948552,0,0,61.9735042051447,0,0,99.9999999999999
839,f9c1c7de158ab4d555ec46bec26478f1,0,0,51.8413581966811,17.7428855602901,0,30.4157562430287,0,0,99.9999999999999
840,f9e864a4b56320d9a9d165537511a13a,0,0,48.0579954773593,19.0377685023316,0,0,23.7611920675815,9.14304395272742,99.9999999999998
841,fa00c246b5e09e2123c215a183c4c76f,100,0,0,0,0,0,0,0,100
842,fa314002f8f87caf3cdee94dee224ec0,100,0,0,0,0,0,0,0,100
843,fa5c910fb405dd6681e8d7419241ff88,100,0,0,0,0,0,0,0,100
844,fac5a6074067436b79e49c0a86a84fdc,0,0,0,0,0,0,70.1897255941139,29.8102744058861,100
845,facdd8358a7ac02f3f85963beacb5fdd,100,0,0,0,0,0,0,0,100
846,fae4a2e5e02c9ae8c3e243248dd3919c,100,0,0,0,0,0,0,0,100
847,faef71610aa24b3d201ee1da2cce1099,0,28.0747921478132,0,0,0,0,16.0738519653558,55.8513558868308,99.9999999999998
848,fb39f72b3141bcfc07b8d7482808df61,0,0,4.84679940966188,0,0,0,19.9354045670535,75.2177960232844,99.9999999999998
849,fb800d4d7cd0a8e0da07b414fcf21b8c,0,0,24.4572501601168,21.5892260736227,0,53.9535237662602,0,0,99.9999999999997
850,fb817cbb755566c123ccf837399dd066,100,0,0,0,0,0,0,0,100
851,fb85be885f7b6939516a5811d48f8335,100,0,0,0,0,0,0,0,100
852,fc6a41fca5552d4996b419b6e133f414,100,0,0,0,0,0,0,0,100
853,fc75f7dabe00d1a7a949f8af6ac261e0,100,0,0,0,0,0,0,0,100
854,fd1ee0b067e90f09846e374fa37cc262,100,0,0,0,0,0,0,0,100
855,fd2899fba49792389b004ff5b4edc105,32.0074022649782,0,0,49.1970082216308,0,0,0,18.7955895133908,99.9999999999998
856,fd5786c34fcd869feecb36f039662457,0,49.5644557728379,0,0,0,13.7262498471718,0,36.7092943799902,99.9999999999999
857,fe7b5b769375b837bb6d4bfa6dee234f,11.0169512275373,0,53.3271901006303,10.8929895144594,0,24.0633612933355,0,0.699507864037355,99.9999999999999
858,fed5c8da0c2f9695b64c2fcef196fceb,100,0,0,0,0,0,0,0,100
859,feda3b5a863c813509f2d4ef708536d3,100,0,0,0,0,0,0,0,100
860,ff10d71588889b5996480e7f3b55d68e,100,0,0,0,0,0,0,0,100
861,ffb33882941159e894a06b7eb78532fe,0,0,0,0,0,0,27.8885784563953,72.1114215436046,99.9999999999999
862,ffd660f96ba6668b2d8d86fc4e150862,0,0,99.9999999999999,0,0,0,0,0,99.9999999999999
863,ffde3529c33d8e46749ad0e54a94df23,100,0,0,0,0,0,0,0,100
